"probs","labels"
"0.2530795","0"
"0.09595442","0"
"0.07877341","0"
"0.5127144","0"
"0.023161296","0"
"0.14160393","0"
"0.34444514","0"
"0.07711385","0"
"0.050853394","0"
"0.07289099","0"
"0.20511885","0"
"0.056889266","0"
"0.23777212","0"
"0.091372885","0"
"0.12300999","0"
"0.55762225","0"
"0.38794926","0"
"0.24042563","0"
"0.05706239","0"
"0.047792632","0"
"0.09499024","0"
"0.03204176","0"
"0.11706062","0"
"0.36157238","0"
"0.5773873","0"
"0.13751271","0"
"0.07847317","0"
"0.10197518","0"
"0.073265165","0"
"0.039102998","0"
"0.048094533","0"
"0.012107781","0"
"0.1190824","0"
"0.22299793","0"
"0.040624842","0"
"0.00867116","0"
"0.77949405","0"
"0.01264055","0"
"0.08368051","0"
"0.27053198","0"
"0.07846208","0"
"0.1320589","0"
"0.32309788","0"
"0.03597353","0"
"0.005844882","0"
"0.032218065","0"
"0.010267716","0"
"0.0039181793","0"
"0.12783346","0"
"0.114283994","0"
"0.65756494","0"
"0.032437157","0"
"0.11705382","0"
"0.08574076","0"
"0.3274644","1"
"0.018756824","0"
"0.017520996","0"
"0.18082578","0"
"0.032438874","0"
"0.01897338","0"
"0.1391462","0"
"0.036602862","0"
"0.17040057","0"
"0.7327911","0"
"0.0839683","0"
"0.08075171","0"
"0.013541648","0"
"0.037522566","0"
"0.38707903","0"
"0.68818885","0"
"0.44386575","0"
"0.13191703","0"
"0.014839886","0"
"0.026044793","0"
"0.22851315","0"
"0.009420827","0"
"0.012236128","0"
"0.062038045","0"
"0.11666757","0"
"0.012696639","0"
"0.44632334","0"
"0.022763174","0"
"0.013930921","0"
"0.5560335","0"
"0.071869776","0"
"0.07244361","0"
"0.038865432","0"
"0.13711977","0"
"0.88207304","0"
"0.27776664","0"
"0.032090142","0"
"0.05376802","0"
"0.20378977","0"
"0.42557925","0"
"0.028257454","0"
"0.13429567","0"
"0.76828754","0"
"0.67218167","0"
"0.02403045","0"
"0.018265117","0"
"0.07663363","0"
"0.8181431","0"
"0.014401018","0"
"0.5676008","0"
"0.021578053","0"
"0.049327474","0"
"0.18976776","0"
"0.054185517","0"
"0.029817652","0"
"0.04749054","0"
"0.04163209","0"
"0.04158985","0"
"0.06636796","0"
"0.69458747","0"
"0.0071072346","0"
"0.20765464","0"
"0.13245755","0"
"0.02543633","0"
"0.11538597","0"
"0.3192492","0"
"0.066786","0"
"0.5794999","0"
"0.043022566","0"
"0.29306445","1"
"0.021104688","0"
"0.022955393","0"
"0.022672147","0"
"0.05675663","0"
"0.24929716","1"
"0.010436396","0"
"0.024559857","0"
"0.152268","0"
"0.01958349","0"
"0.17576806","0"
"0.016130496","0"
"0.05486426","0"
"0.031124586","0"
"0.023569286","0"
"0.03298898","0"
"0.68097353","0"
"0.09014294","0"
"0.010051287","0"
"0.11204015","0"
"0.025330022","0"
"0.13420917","0"
"0.014918516","0"
"0.017950064","0"
"0.25978956","0"
"0.033199","0"
"0.05665068","0"
"0.032548256","0"
"0.2775257","0"
"0.5508204","0"
"0.010789717","0"
"0.023755245","0"
"0.30825254","0"
"0.056910027","0"
"0.2040398","1"
"0.021333635","0"
"0.016230676","0"
"0.16256334","0"
"0.11687085","0"
"0.016697759","0"
"0.1168746","0"
"0.08567391","0"
"0.026678262","0"
"0.6891902","0"
"0.09437451","0"
"0.02820288","0"
"0.053055942","0"
"0.6309033","0"
"0.4609095","0"
"0.99964035","1"
"0.010661555","0"
"0.13551135","0"
"0.019325335","0"
"0.10849946","0"
"0.008451075","0"
"0.015540978","0"
"0.047017854","0"
"0.060561452","0"
"0.020406786","0"
"0.042008184","0"
"0.14605929","0"
"0.13420503","0"
"0.05330334","0"
"0.08938458","0"
"0.015010151","0"
"0.17026585","0"
"0.082071416","0"
"0.0706465","0"
"0.09123704","0"
"0.040995643","0"
"0.079022996","0"
"0.9861524","0"
"0.021564407","0"
"0.30348736","0"
"0.059254944","0"
"0.075307555","0"
"0.46480814","0"
"0.104913265","0"
"0.15873873","0"
"0.05990049","0"
"0.09917984","0"
"0.052108742","0"
"0.7233541","0"
"0.03555481","0"
"0.027040033","0"
"0.16322047","0"
"0.15610519","0"
"0.012912752","0"
"0.5404243","0"
"0.034065537","0"
"0.09688664","0"
"0.090520956","0"
"0.046363972","0"
"0.048032463","0"
"0.0071692783","0"
"0.04439005","0"
"0.0323414","0"
"0.027968215","0"
"0.09661099","0"
"0.23053707","0"
"0.17304796","0"
"0.50843716","0"
"0.14637907","0"
"0.008719711","0"
"0.8625091","0"
"0.1661438","0"
"0.07810656","0"
"0.0373346","0"
"0.075262375","0"
"0.102622114","0"
"0.9980142","0"
"0.07812658","0"
"0.0058695273","0"
"0.55892855","0"
"0.09567178","0"
"0.017293222","0"
"0.029987214","0"
"0.14959602","0"
"0.023325326","0"
"0.38184518","0"
"0.111227416","0"
"0.007007826","0"
"0.20009977","0"
"0.012814269","0"
"0.4086519","0"
"0.043186486","0"
"0.018355556","0"
"0.08469395","0"
"0.026931366","0"
"0.048380878","0"
"0.107147075","0"
"0.022363452","0"
"0.38688374","0"
"0.16639218","0"
"0.23817594","0"
"0.049037367","0"
"0.015656784","0"
"0.041197956","0"
"0.0063216244","0"
"0.007536491","0"
"0.6261053","0"
"0.28537557","0"
"0.02392456","0"
"0.23472317","0"
"0.13653202","0"
"0.019478157","0"
"0.015261679","0"
"0.17058145","0"
"0.050176155","0"
"0.11536056","0"
"0.12224266","0"
"0.02948008","0"
"0.7699829","0"
"0.012206862","0"
"0.14581755","0"
"0.0057336604","0"
"0.0059819347","0"
"0.021990769","0"
"0.0068972665","0"
"0.23607916","0"
"0.029179526","0"
"0.023736503","0"
"0.038256805","0"
"0.01774411","0"
"0.069055185","0"
"0.025413444","0"
"0.041922957","0"
"0.032678124","0"
"0.29672602","1"
"0.049222127","0"
"0.23145488","0"
"0.09866933","0"
"0.23488206","0"
"0.34410945","0"
"0.051898703","0"
"0.015404079","0"
"0.022768065","0"
"0.29870334","0"
"0.116653286","0"
"0.1876964","0"
"0.012775687","0"
"0.03416592","0"
"0.11210055","0"
"0.03564869","0"
"0.06709566","0"
"0.10209206","0"
"0.08794333","0"
"0.44735768","0"
"0.19834137","0"
"0.023276666","0"
"0.014575331","0"
"0.95519257","0"
"0.0103246635","0"
"0.019061726","0"
"0.009854513","0"
"0.20516385","0"
"0.08214017","0"
"0.33346835","0"
"0.18672106","0"
"0.81228673","0"
"0.016135521","0"
"0.08629518","0"
"0.03593499","0"
"0.008242643","0"
"0.16875911","0"
"0.04598226","0"
"0.060540628","0"
"0.053241488","0"
"0.28606907","0"
"0.5101739","0"
"0.02811753","0"
"0.12919897","0"
"0.31151816","0"
"0.007293419","0"
"0.29992485","0"
"0.08865873","0"
"0.80160874","0"
"0.058801476","0"
"0.028192872","0"
"0.16527204","0"
"0.01048167","0"
"0.026388735","0"
"0.08503649","0"
"0.060555633","0"
"0.2157622","0"
"0.062403455","0"
"0.04855065","0"
"0.005922832","0"
"0.082348876","0"
"0.114844374","0"
"0.016014654","0"
"0.11396064","0"
"0.40841427","0"
"0.009677082","0"
"0.037300423","0"
"0.35310218","0"
"0.110322654","0"
"0.29615346","0"
"0.027088704","0"
"0.13935122","0"
"0.012206782","0"
"0.9493873","0"
"0.44629845","0"
"0.07319478","0"
"0.017461633","0"
"0.054066084","0"
"0.079125576","0"
"0.030141039","0"
"0.3214265","0"
"0.0061155544","0"
"0.37805295","0"
"0.25753695","0"
"0.11072709","0"
"0.94233227","0"
"0.06535309","0"
"0.019744832","0"
"0.072545104","0"
"0.4019991","0"
"0.052520797","0"
"0.034411117","0"
"0.037530385","0"
"0.10771895","0"
"0.5176866","0"
"0.32472798","0"
"0.9026124","0"
"0.022406042","0"
"0.9194052","0"
"0.02842366","0"
"0.020760454","0"
"0.11455876","0"
"0.0031268708","0"
"0.02375895","0"
"0.024637667","0"
"0.119964845","0"
"0.08320093","0"
"0.7721163","0"
"0.39902207","0"
"0.06625601","0"
"0.08065873","0"
"0.12158187","0"
"0.019546028","0"
"0.025278248","0"
"0.15829971","0"
"0.013921225","0"
"0.18630701","0"
"0.03663213","0"
"0.14980596","0"
"0.014913268","0"
"0.09241831","0"
"0.019051675","0"
"0.025554817","0"
"0.021731844","0"
"0.5365251","0"
"0.089330725","0"
"0.013604375","0"
"0.31449682","0"
"0.008962655","0"
"0.8018457","0"
"0.031783443","0"
"0.18791899","0"
"0.028269975","0"
"0.0413502","0"
"0.008042882","0"
"0.06741027","0"
"0.041327417","0"
"0.16606195","0"
"0.07111002","0"
"0.10327529","0"
"0.47165713","0"
"0.10442279","0"
"0.019378144","0"
"0.029701646","0"
"0.078581244","0"
"0.45797774","0"
"0.11150229","0"
"0.004274775","0"
"0.03098215","0"
"0.16507061","0"
"0.090453245","0"
"0.048751768","0"
"0.10141333","1"
"0.8791048","0"
"0.55018216","0"
"0.045730587","0"
"0.073108956","0"
"0.08074437","1"
"0.05493594","0"
"0.0061395788","0"
"0.012969599","0"
"0.012658696","0"
"0.008940684","0"
"0.51397455","0"
"0.014783588","0"
"0.082502276","0"
"0.07177242","0"
"0.90997076","0"
"0.17817329","0"
"0.025675764","0"
"0.08937203","0"
"0.32042807","0"
"0.012701457","0"
"0.18055184","0"
"0.15884063","0"
"0.028016426","0"
"0.58175033","0"
"0.5196355","0"
"0.026623439","0"
"0.6020928","0"
"0.8129366","1"
"0.9628148","1"
"0.0145433545","0"
"0.0378581","0"
"0.008064283","0"
"0.032670308","0"
"0.013466685","0"
"0.082416646","0"
"0.024502484","0"
"0.060976114","0"
"0.0078797","0"
"0.0036677173","0"
"0.16412476","0"
"0.01004048","0"
"0.038620517","0"
"0.25444672","0"
"0.096127346","0"
"0.21346161","0"
"0.017326055","0"
"0.52406174","0"
"0.25200126","0"
"0.03814878","0"
"0.6208177","0"
"0.038078237","0"
"0.062686644","0"
"0.027738797","0"
"0.01788023","0"
"0.082914725","0"
"0.14315414","0"
"0.032988045","0"
"0.037566062","0"
"0.07982823","0"
"0.017975694","0"
"0.014251007","0"
"0.16150892","1"
"0.04092127","0"
"0.59217036","0"
"0.18899365","0"
"0.08136624","0"
"0.12210281","0"
"0.025749043","0"
"0.46072504","0"
"0.64449173","0"
"0.075560406","0"
"0.015588006","0"
"0.5529677","0"
"0.07794439","0"
"0.1329231","0"
"0.06226049","0"
"0.24795027","0"
"0.05450357","0"
"0.9344094","1"
"0.022066364","0"
"0.20482412","0"
"0.91339713","1"
"0.01665951","0"
"0.0061092046","0"
"0.13533542","0"
"0.77203244","1"
"0.10835877","0"
"0.09453971","0"
"0.15612367","0"
"0.18095174","0"
"0.16071936","0"
"0.043269053","0"
"0.29772803","0"
"0.03406333","0"
"0.39910814","0"
"0.07318251","0"
"0.7097651","0"
"0.6784662","0"
"0.45822385","0"
"0.013984349","0"
"0.07704273","0"
"0.05160357","0"
"0.31441844","1"
"0.48367134","0"
"0.039242245","0"
"0.96077794","0"
"0.0847875","0"
"0.25752324","0"
"0.21705909","0"
"0.020420732","0"
"0.07014875","0"
"0.03257896","0"
"0.30963695","1"
"0.060084656","0"
"0.16644754","0"
"0.09476247","0"
"0.099803","0"
"0.044384796","0"
"0.008549438","0"
"0.0691676","0"
"0.06215335","0"
"0.17032321","0"
"0.02048178","0"
"0.07813548","1"
"0.043194897","0"
"0.010763263","0"
"0.23138937","0"
"0.17114986","0"
"0.043237194","0"
"0.12511368","0"
"0.033254806","0"
"0.093706876","0"
"0.3449264","0"
"0.01897744","0"
"0.1286552","0"
"0.068587095","0"
"0.8951769","0"
"0.26757336","0"
"0.19426376","0"
"0.10637621","0"
"0.053390365","0"
"0.3101805","0"
"0.0408741","0"
"0.96962","0"
"0.062436376","0"
"0.08860018","0"
"0.045136474","0"
"0.04915048","0"
"0.06405564","0"
"0.014096804","0"
"0.34014395","0"
"0.6481183","0"
"0.073874995","0"
"0.06595704","0"
"0.012851221","0"
"0.86169523","0"
"0.02498953","0"
"0.011146599","0"
"0.98390794","1"
"0.062626205","0"
"0.062465053","0"
"0.04190462","0"
"0.47810584","0"
"0.058563717","0"
"0.02511966","0"
"0.25623488","0"
"0.033970095","0"
"0.07384641","0"
"0.06456209","0"
"0.65418154","0"
"0.2727541","0"
"0.10115479","0"
"0.6494607","0"
"0.14825056","0"
"0.024610495","0"
"0.21755148","0"
"0.38142034","0"
"0.12790947","0"
"0.018811643","0"
"0.010837555","0"
"0.02025504","0"
"0.041514065","0"
"0.48459372","0"
"0.042024985","0"
"0.014781184","0"
"0.051927745","0"
"0.019091062","0"
"0.06725388","0"
"0.14670731","0"
"0.014576167","0"
"0.19021818","0"
"0.2579334","0"
"0.043134265","0"
"0.023132615","0"
"0.06423863","0"
"0.02394503","0"
"0.15886593","0"
"0.11399977","0"
"0.48882896","0"
"0.017164173","0"
"0.21873038","0"
"0.077432364","0"
"0.05113022","0"
"0.075589135","0"
"0.121039376","0"
"0.2685269","0"
"0.013051213","0"
"0.17503795","0"
"0.035496473","0"
"0.9008731","0"
"0.012495723","0"
"0.032474313","0"
"0.31366217","0"
"0.08631311","0"
"0.17389014","0"
"0.07830319","0"
"0.10900725","0"
"0.24382626","0"
"0.23258051","0"
"0.119428225","0"
"0.053308416","0"
"0.11504381","0"
"0.080782264","0"
"0.26108077","0"
"0.13502967","0"
"0.16988593","0"
"0.12029263","0"
"0.069465905","0"
"0.021084907","0"
"0.1940808","0"
"0.05932998","0"
"0.09804541","0"
"0.14116335","0"
"0.46260664","0"
"0.355239","0"
"0.056126244","0"
"0.038147647","0"
"0.009277835","0"
"0.087641895","0"
"0.03718919","0"
"0.07781531","0"
"0.7964425","0"
"0.017619107","0"
"0.13833529","0"
"0.1257362","0"
"0.009131244","0"
"0.083518505","0"
"0.07851914","0"
"0.9994721","1"
"0.13887343","0"
"0.079466045","0"
"0.055491317","0"
"0.028918907","0"
"0.06359452","0"
"0.07499533","0"
"0.059543714","0"
"0.04304853","0"
"0.052041456","0"
"0.4547369","0"
"0.1059299","0"
"0.03221356","0"
"0.14589462","0"
"0.034001037","0"
"0.053613514","0"
"0.37248123","0"
"0.05994682","0"
"0.17410758","0"
"0.06557308","0"
"0.011764431","0"
"0.041171934","0"
"0.18959002","0"
"0.086337425","0"
"0.025544321","0"
"0.025665972","0"
"0.017228853","0"
"0.11514781","0"
"0.22615775","0"
"0.028859084","0"
"0.18708609","0"
"0.023360912","0"
"0.058216453","0"
"0.04346443","0"
"0.082782835","0"
"0.10733011","0"
"0.06662497","0"
"0.05450845","0"
"0.4964095","0"
"0.03545177","0"
"0.053842284","0"
"0.4695515","0"
"0.07700154","0"
"0.029112244","0"
"0.027040433","0"
"0.053989533","0"
"0.023910055","0"
"0.12882215","0"
"0.07322018","0"
"0.086039394","0"
"0.35058466","0"
"0.015608648","0"
"0.20747651","0"
"0.05182845","0"
"0.0028735239","0"
"0.029017862","0"
"0.03359131","0"
"0.16098864","0"
"0.02049805","0"
"0.01037661","0"
"0.088792875","0"
"0.9629332","0"
"0.09531378","0"
"0.372865","0"
"0.18346478","0"
"0.14854266","0"
"0.21182185","0"
"0.54898345","0"
"0.15238585","0"
"0.049345776","0"
"0.3802407","0"
"0.15353256","0"
"0.08217668","0"
"0.28001502","0"
"0.03194816","0"
"0.38269645","0"
"0.05549373","0"
"0.046560854","0"
"0.16949894","0"
"0.055112302","0"
"0.086225875","0"
"0.1551691","0"
"0.0761525","0"
"0.024976378","0"
"0.27068847","0"
"0.11303341","0"
"0.18035671","0"
"0.01878705","0"
"0.016505923","0"
"0.006708364","0"
"0.9477227","0"
"0.056781795","0"
"0.11631451","0"
"0.025231985","0"
"0.06641062","0"
"0.004473431","0"
"0.107015535","0"
"0.05531951","0"
"0.7637972","0"
"0.11073887","0"
"0.29500943","0"
"0.005793739","0"
"0.023307508","0"
"0.8338063","0"
"0.3169711","0"
"0.009626676","0"
"0.014613446","0"
"0.024171172","0"
"0.04283142","0"
"0.0189527","0"
"0.078385204","0"
"0.13702106","0"
"0.20930968","0"
"0.7590019","0"
"0.021822916","0"
"0.08452173","0"
"0.09623132","0"
"0.9050551","0"
"0.022797082","0"
"0.17524442","0"
"0.20971483","0"
"0.14128569","0"
"0.14741375","0"
"0.016226284","0"
"0.5440278","0"
"0.032560434","0"
"0.19872294","0"
"0.12826513","0"
"0.19032176","0"
"0.8399102","0"
"0.09879085","0"
"0.013900105","0"
"0.23344542","0"
"0.010878987","0"
"0.82954174","0"
"0.9047363","0"
"0.030610517","0"
"0.017113319","0"
"0.03504093","0"
"0.42239016","0"
"0.72077","0"
"0.9356631","0"
"0.0033133153","0"
"0.2154501","0"
"0.6210583","0"
"0.8571924","0"
"0.12329942","0"
"0.348402","0"
"0.03522278","0"
"0.50328594","0"
"0.043132856","0"
"0.4021681","1"
"0.06763105","0"
"0.013584898","0"
"0.020049723","0"
"0.016908072","0"
"0.33354393","0"
"0.008114252","0"
"0.241773","0"
"0.20655857","0"
"0.053686056","0"
"0.093631685","0"
"0.37003163","0"
"0.12920496","0"
"0.02999612","0"
"0.09841803","0"
"0.049915593","0"
"0.016152116","0"
"0.055442926","0"
"0.12358005","0"
"0.10083512","0"
"0.066281915","0"
"0.15300974","0"
"0.04742264","0"
"0.09536632","0"
"0.08900821","0"
"0.08465552","0"
"0.1060027","0"
"0.053814307","0"
"0.035091873","0"
"0.018065356","0"
"0.104878925","0"
"0.14635271","0"
"0.13090111","0"
"0.08087661","0"
"0.019510558","0"
"0.06815153","0"
"0.009397608","0"
"0.7472423","0"
"0.34699252","0"
"0.098027006","0"
"0.022437273","0"
"0.015359153","0"
"0.060215328","0"
"0.04981344","0"
"0.27912372","0"
"0.021821752","0"
"0.15154356","0"
"0.055584434","0"
"0.03383547","0"
"0.20201394","0"
"0.01475776","0"
"0.11944564","0"
"0.10959684","0"
"0.05732968","0"
"0.097135596","0"
"0.032119684","0"
"0.032775816","0"
"0.042627376","0"
"0.31439453","0"
"0.038988583","0"
"0.02687037","0"
"0.058818143","0"
"0.20784993","0"
"0.07816073","0"
"0.023521267","0"
"0.09405369","0"
"0.35079786","0"
"0.08897161","0"
"0.16812691","0"
"0.010140798","0"
"0.05187072","0"
"0.13114274","0"
"0.015126025","0"
"0.3078615","0"
"0.3072222","0"
"0.1467999","0"
"0.027898796","0"
"0.02157237","0"
"0.011375815","0"
"0.078072965","0"
"0.019740317","0"
"0.57706934","0"
"0.13800389","0"
"0.043612383","0"
"0.019420415","0"
"0.09918447","0"
"0.05904345","0"
"0.08167339","0"
"0.020852132","0"
"0.48742956","0"
"0.05521115","0"
"0.14366964","0"
"0.22764322","0"
"0.2038679","0"
"0.032809027","0"
"0.011939708","0"
"0.021787848","0"
"0.009901476","0"
"0.010070577","0"
"0.1908307","0"
"0.08821213","0"
"0.081487305","0"
"0.038717274","0"
"0.017656932","0"
"0.08195846","0"
"0.03962159","0"
"0.02353221","0"
"0.007004134","0"
"0.039032873","0"
"0.02083012","0"
"0.5888195","0"
"0.042212248","0"
"0.72091335","0"
"0.05349907","0"
"0.021301646","0"
"0.8180453","0"
"0.18026945","0"
"0.06949819","0"
"0.030221736","0"
"0.016468802","0"
"0.123753585","0"
"0.03182506","0"
"0.037700932","0"
"0.020111348","0"
"0.06956009","0"
"0.036199104","0"
"0.026783124","0"
"0.036447354","0"
"0.050707154","0"
"0.040196255","0"
"0.009382321","0"
"0.12394735","0"
"0.007627596","0"
"0.004631314","0"
"0.09014637","0"
"0.04163809","0"
"0.08715635","0"
"0.060896847","0"
"0.20062903","0"
"0.015809271","0"
"0.09684361","0"
"0.130478","0"
"0.00939212","0"
"0.018554004","0"
"0.013128367","0"
"0.7956449","0"
"0.5410555","0"
"0.04367006","0"
"0.052823313","0"
"0.060121316","0"
"0.021763343","0"
"0.30729288","0"
"0.91719484","0"
"0.08005374","0"
"0.37010086","0"
"0.29719648","0"
"0.27401116","0"
"0.0901111","0"
"0.12687917","0"
"0.30343258","0"
"0.060619555","0"
"0.011459123","0"
"0.06494161","0"
"0.012555877","0"
"0.079635054","0"
"0.06252393","0"
"0.98947805","0"
"0.42827204","0"
"0.13927992","0"
"0.1583625","0"
"0.018184869","0"
"0.02627494","0"
"0.29954395","0"
"0.012479741","0"
"0.5084684","0"
"0.16554849","0"
"0.025607865","0"
"0.13794413","0"
"0.25124022","0"
"0.1549108","0"
"0.4040627","0"
"0.23690909","0"
"0.031619884","0"
"0.4832289","0"
"0.23111548","0"
"0.042194188","0"
"0.17361191","0"
"0.0148712825","0"
"0.25849324","0"
"0.32425785","0"
"0.032872986","0"
"0.07055567","0"
"0.024306567","0"
"0.5302591","0"
"0.22478321","0"
"0.4193266","0"
"0.08581982","0"
"0.10838277","0"
"0.014371802","0"
"0.1299363","0"
"0.16005261","0"
"0.35892075","0"
"0.19302885","0"
0.05460895","0"
"0.051658627","0"
"0.030505024","0"
"0.53890455","0"
"0.093290836","0"
"0.0114554735","0"
"0.13168852","0"
"0.16440718","0"
"0.010897839","0"
"0.2013759","0"
"0.6195019","0"
"0.05044496","0"
"0.550895","0"
"0.019319262","0"
"0.4891173","0"
"0.031281818","0"
"0.22124606","0"
"0.01041017","0"
"0.06719146","0"
"0.026502306","0"
"0.004130977","0"
"0.30338892","0"
"0.10331127","0"
"0.13819695","0"
"0.08615951","0"
"0.046607558","0"
"0.6573832","0"
"0.10776078","0"
"0.15694189","0"
"0.6347064","0"
"0.5385031","0"
"0.04736259","0"
"0.01774327","0"
"0.89207286","0"
"0.15957728","0"
"0.12862508","0"
"0.0044914517","0"
"0.046123523","0"
"0.24197324","0"
"0.061950345","0"
"0.018013591","0"
"0.29461032","0"
"0.06227791","0"
"0.19170775","0"
"0.71305853","0"
"0.017963273","0"
"0.22248018","0"
"0.12784226","0"
"0.7280196","0"
"0.037477523","0"
"0.086900555","0"
"0.05067412","0"
"0.030988112","0"
"0.03606926","0"
"0.02469711","0"
"0.13306752","0"
"0.06552701","0"
"0.058048446","0"
"0.057760116","0"
"0.049172774","0"
"0.02211855","0"
"0.1326688","0"
"0.005390442","0"
"0.079182886","0"
"0.1073732","0"
"0.16119061","0"
"0.008011895","0"
"0.03409457","0"
"0.02420529","0"
"0.05668319","0"
"0.6093406","0"
"0.045838207","0"
"0.34824196","0"
"0.03051249","0"
"0.28052142","0"
"0.042670872","0"
"0.120507196","0"
"0.01968541","0"
"0.019065622","0"
"0.18675597","0"
"0.17757303","0"
"0.037739545","0"
"0.12463524","0"
"0.023383638","0"
"0.8062217","0"
"0.18764241","0"
"0.038431358","0"
"0.023869336","0"
"0.012548359","0"
"0.015668979","0"
"0.07158766","0"
"0.032080986","0"
"0.1437887","0"
"0.02730366","0"
"0.055447605","0"
"0.4332263","0"
"0.15612926","0"
"0.21362828","0"
"0.28535515","0"
"0.02572592","0"
"0.06656282","0"
"0.031374943","0"
"0.020819085","0"
"0.84623414","1"
"0.12635411","0"
"0.17869544","0"
"0.90846366","1"
"0.07786961","0"
"0.026425397","0"
"0.055874385","0"
"0.35394815","0"
"0.01564158","0"
"0.05280775","0"
"0.010845364","0"
"0.4590941","0"
"0.008233407","0"
"0.50449485","1"
"0.15431207","0"
"0.029834477","0"
"0.14451572","0"
"0.87897605","0"
"0.00987054","0"
"0.111350134","0"
"0.043828275","0"
"0.041458383","0"
"0.20472567","0"
"0.07548796","0"
"0.14619425","0"
"0.15779886","0"
"0.49741492","0"
"0.09544487","0"
"0.053044494","0"
"0.019981846","0"
"0.26539418","0"
"0.076452635","0"
"0.027689032","0"
"0.15773652","0"
"0.08946864","0"
"0.0073381076","0"
"0.8989695","1"
"0.06538372","0"
"0.021151105","0"
"0.01868874","0"
"0.057679676","0"
"0.49021134","0"
"0.045874767","0"
"0.1565769","0"
"0.96409255","1"
"0.08717965","0"
"0.011776655","0"
"0.61256856","0"
"0.03327832","0"
"0.0174626","0"
"0.102491744","0"
"0.027780833","0"
"0.7485622","0"
"0.0644952","0"
"0.1760076","0"
"0.07472642","0"
"0.16981669","0"
"0.19022799","0"
"0.025419263","0"
"0.027869074","0"
"0.4522577","0"
"0.09040837","1"
"0.13891292","0"
"0.034289643","0"
"0.026716027","0"
"0.1206507","0"
"0.1264673","0"
"0.1614255","0"
"0.0528391","0"
"0.09054071","0"
"0.23828687","0"
"0.2177481","0"
"0.014440101","0"
"0.33375284","0"
"0.20047775","0"
"0.081619255","0"
"0.99907035","0"
"0.018117348","0"
"0.10350933","0"
"0.04685767","0"
"0.076577924","0"
"0.44053006","0"
"0.08038053","0"
"0.025296452","0"
"0.32929","0"
"0.12757257","0"
"0.13009618","0"
"0.54433715","0"
"0.016046656","0"
"0.061030313","0"
"0.29736373","0"
"0.01862865","0"
"0.022936963","0"
"0.021890663","0"
"0.015656505","0"
"0.12714157","0"
"0.086096756","0"
"0.044041976","0"
"0.037682444","0"
"0.026695123","0"
"0.96732116","0"
"0.5343801","0"
"0.57661206","0"
"0.02969071","0"
"0.07610949","0"
"0.059299957","0"
"0.026246712","0"
"0.1682559","0"
"0.023887813","0"
"0.07706592","0"
"0.17548166","0"
"0.1758708","0"
"0.0464612","0"
"0.01939441","0"
"0.19849126","0"
"0.0373686","0"
"0.06236622","0"
"0.05776289","0"
"0.037556756","0"
"0.071420416","0"
"0.7129982","1"
"0.015149244","0"
"0.033463664","0"
"0.1393268","0"
"0.030747937","0"
"0.8718097","0"
"0.06700754","0"
"0.023285102","0"
"0.1385469","0"
"0.08216395","0"
"0.14654788","0"
"0.11191958","0"
"0.1572584","0"
"0.064417936","0"
"0.16435799","0"
"0.0150719695","0"
"0.21139026","0"
"0.11921958","0"
"0.018186124","0"
"0.09241938","0"
"0.4251801","0"
"0.3720019","0"
"0.018714733","0"
"0.070839755","0"
"0.17578426","0"
"0.2571649","0"
"0.019082315","0"
"0.02308729","0"
"0.20411271","0"
"0.13991113","0"
"0.10159993","0"
"0.07989595","0"
"0.07658013","0"
"0.030417904","0"
"0.057134937","0"
"0.20435013","0"
"0.031697586","0"
"0.0046376353","0"
"0.1748354","0"
"0.07895088","0"
"0.1817418","0"
"0.0046650404","0"
"0.0241453","0"
"0.05971688","0"
"0.007453542","0"
"0.0209171","0"
"0.09487757","0"
"0.44808364","0"
"0.11757282","0"
"0.015480092","0"
"0.025232343","0"
"0.2693628","0"
"0.050463434","0"
"0.13222362","0"
"0.053004015","0"
"0.466745","0"
"0.016895982","0"
"0.01707435","0"
"0.017694114","0"
"0.021295032","0"
"0.010225967","0"
"0.14762056","0"
"0.2176685","0"
"0.1048932","0"
"0.02932642","0"
"0.012145613","0"
"0.8927983","0"
"0.9751279","0"
"0.2108261","0"
"0.09354841","0"
"0.07113614","0"
"0.084903374","0"
"0.026993202","0"
"0.030434037","0"
"0.014514167","0"
"0.16050223","0"
"0.02514164","0"
"0.11468857","0"
"0.21911828","0"
"0.019502113","0"
"0.061880983","0"
"0.08205351","0"
"0.4104438","0"
"0.029436601","0"
"0.31864747","0"
"0.6577952","0"
"0.2064273","0"
"0.022965787","0"
"0.18783693","0"
"0.19165088","0"
"0.07596941","0"
"0.43721464","0"
"0.723553","0"
"0.1632609","0"
"0.016216582","0"
"0.08086103","0"
"0.7159403","1"
"0.00539426","0"
"0.01810725","0"
"0.5379076","0"
"0.70898026","0"
"0.014978725","0"
"0.126568","0"
"0.027404957","0"
"0.0090458635","0"
"0.047594484","0"
"0.05921094","0"
"0.024815684","0"
"0.013570522","0"
"0.026565153","0"
"0.12669225","0"
"0.63450694","0"
"0.019721465","0"
"0.023212759","0"
"0.036901116","0"
"0.73665845","0"
"0.097200036","0"
"0.20272174","0"
"0.17928256","0"
"0.03255505","0"
"0.33485797","0"
"0.76119655","0"
"0.7014963","0"
"0.23055634","0"
"0.072136804","0"
"0.028094377","0"
"0.110079356","0"
"0.02719903","0"
"0.5376045","0"
"0.17275122","0"
"0.10146622","0"
"0.08042529","0"
"0.9991271","1"
"0.75300467","0"
"0.07502899","0"
"0.22108759","0"
"0.052875135","0"
"0.023213862","0"
"0.11895774","0"
"0.02531137","0"
"0.06548536","0"
"0.010286714","0"
"0.024721822","0"
"0.11994223","0"
"0.021039356","0"
"0.05030911","0"
"0.99629253","1"
"0.02503557","0"
"0.02964412","0"
"0.12120042","0"
"0.46906823","0"
"0.10837409","0"
"0.018549658","0"
"0.1575886","0"
"0.31882405","0"
"0.049828336","0"
"0.070178695","0"
"0.15484732","0"
"0.15160723","0"
"0.054533605","0"
"0.21805991","0"
"0.23749273","0"
"0.03264105","0"
"0.36137906","0"
"0.31078485","0"
"0.23078407","0"
"0.02649448","0"
"0.013597076","0"
"0.010892434","0"
"0.05124226","0"
"0.019359067","0"
"0.21244635","0"
"0.4743224","0"
"0.008734788","0"
"0.032947328","0"
"0.023182645","0"
"0.022024006","0"
"0.3017842","0"
"0.025920624","0"
"0.018623156","0"
"0.046241432","0"
"0.016775208","0"
"0.0104345","0"
"0.06412948","0"
"0.06835675","0"
"0.05505607","0"
"0.5743874","0"
"0.18115658","0"
"0.104098745","0"
"0.17102331","0"
"0.26527193","0"
"0.13620913","0"
"0.1588318","0"
"0.30307478","0"
"0.29172733","0"
"0.2434598","0"
"0.071421176","0"
"0.20843917","0"
"0.8439257","1"
"0.18254864","0"
"0.03633243","0"
"0.18087575","0"
"0.25732014","0"
"0.040380254","0"
"0.14421743","0"
"0.044884942","0"
"0.0147715425","0"
"0.67781717","0"
"0.36489502","0"
"0.04357861","0"
"0.083502226","0"
"0.08609693","0"
"0.21074013","0"
"0.026036575","1"
"0.11866345","0"
"0.05815797","0"
"0.011912328","0"
"0.02116871","0"
"0.9393731","1"
"0.078230746","0"
"0.033492636","0"
"0.014702785","0"
"0.03898403","0"
"0.1028221","0"
"0.16553971","0"
"0.011493318","0"
"0.018818827","0"
"0.10852483","0"
"0.10535461","0"
"0.14704493","0"
"0.123752505","0"
"0.01846265","0"
"0.0117161535","0"
"0.036376983","0"
"0.0092082685","0"
"0.016798716","0"
"0.036570854","0"
"0.39585194","0"
"0.3437475","0"
"0.8002304","0"
"0.049649097","0"
"0.013258233","0"
"0.03925045","0"
"0.24527083","0"
"0.048851","0"
"0.050228268","0"
"0.098070696","0"
"0.13786605","0"
"0.4235326","0"
"0.043883003","0"
"0.024185617","0"
"0.14799531","0"
"0.046579726","0"
"0.06259878","0"
"0.9676134","0"
"0.0067872703","0"
"0.03815949","0"
"0.07156853","0"
"0.024925983","0"
"0.8720615","0"
"0.072327","0"
"0.87594354","0"
"0.21833734","0"
"0.038595367","0"
"0.01298284","0"
"0.11053061","0"
"0.053392194","0"
"0.052215375","0"
"0.09098484","0"
"0.036712233","0"
"0.10331997","0"
"0.1696535","0"
"0.8512675","0"
"0.03627832","0"
"0.21960503","0"
"0.84164274","0"
"0.047252677","0"
"0.05848453","0"
"0.27162772","0"
"0.04791797","0"
"0.13066116","0"
"0.11364636","0"
"0.036090124","0"
"0.037283648","0"
"0.42840907","0"
"0.11627614","0"
"0.5186464","0"
"0.42783907","0"
"0.06931676","0"
"0.17548001","0"
"0.5278726","0"
"0.040858105","0"
"0.380915","0"
"0.14998657","0"
"0.08822678","0"
"0.013418195","0"
"0.047608823","0"
"0.03300304","0"
"0.048455335","0"
"0.5250521","0"
"0.20308194","0"
"0.007691526","0"
"0.09410312","0"
"0.48507085","0"
"0.68309975","0"
"0.0472044","0"
"0.38044232","0"
"0.015342778","0"
"0.20746657","0"
"0.08276423","0"
"0.11359078","0"
"0.47395468","0"
"0.05407256","0"
"0.5004217","0"
"0.842941","0"
"0.12103625","0"
"0.21531197","0"
"0.616076","0"
"0.0280196","0"
"0.027761225","0"
"0.08285264","0"
"0.03118164","0"
"0.04293579","0"
"0.11819208","0"
"0.12201356","0"
"0.28691012","0"
"0.12839729","0"
"0.13597646","0"
"0.119247265","0"
"0.052910816","0"
"0.061587732","0"
"0.0027584971","0"
"0.5474108","0"
"0.061053257","0"
"0.08134337","0"
"0.13752602","0"
"0.3336826","0"
"0.023759983","0"
"0.0034659377","0"
"0.07086477","0"
"0.7729414","0"
"0.07610746","0"
"0.11113462","0"
"0.19929609","0"
"0.006611183","0"
"0.33418924","0"
"0.03822728","0"
"0.46789226","0"
"0.1159476","0"
"0.11681689","0"
"0.79781514","0"
"0.009981157","0"
"0.114917435","0"
"0.07723834","0"
"0.017566914","0"
"0.046223726","0"
"0.14883603","0"
"0.029793458","0"
"0.50851834","0"
"0.084249206","0"
"0.09398781","0"
"0.09699083","0"
"0.3601357","0"
"0.0034458076","0"
"0.33293873","0"
"0.06707292","0"
"0.104095906","0"
"0.06602494","0"
"0.0044063046","0"
"0.019673426","0"
"0.025769165","0"
"0.08863205","0"
"0.028130852","0"
"0.10049372","0"
"0.079010986","0"
"0.0389185","0"
"0.031992905","0"
"0.36046484","0"
"0.30819982","0"
"0.07023144","0"
"0.07111582","0"
"0.029912593","0"
"0.022555457","0"
"0.82267356","0"
"0.07245604","0"
"0.07893754","0"
"0.009962328","0"
"0.3363622","0"
"0.1224901","0"
"0.0732987","0"
"0.017593201","0"
"0.08340713","0"
"0.89347595","0"
"0.007715248","0"
"0.07845956","0"
"0.3705567","0"
"0.055137288","0"
"0.40140364","0"
"0.49275234","0"
"0.08225887","0"
"0.027060118","0"
"0.06424035","0"
"0.07238314","0"
"0.21939114","0"
"0.06945465","0"
"0.07997791","0"
"0.7768604","0"
"0.24461964","0"
"0.06416187","0"
"0.0963797","0"
"0.0630979","0"
"0.12434134","0"
"0.10220462","0"
"0.2910073","0"
"0.63287544","0"
"0.28027466","0"
"0.033772502","0"
"0.025156077","0"
"0.42231235","0"
"0.011263259","0"
"0.62321717","0"
"0.26291358","0"
"0.023933848","0"
"0.06564329","0"
"0.14406647","0"
"0.031040737","0"
"0.044580918","0"
"0.07513303","0"
"0.091096334","0"
"0.009824274","0"
"0.057909295","0"
"0.004768662","0"
"0.010469471","0"
"0.09325529","0"
"0.04885923","0"
"0.15680002","0"
"0.46265975","0"
"0.19112827","0"
"0.2681093","0"
"0.015773876","0"
"0.29464006","0"
"0.11443496","0"
"0.08910885","0"
"0.031886723","0"
"0.063613474","0"
"0.037261676","0"
"0.2318483","0"
"0.008012403","0"
"0.1703379","0"
"0.84679973","0"
"0.009165313","0"
"0.34579507","0"
"0.010335554","0"
"0.549128","0"
"0.041408494","0"
"0.078765124","0"
"0.019836785","0"
"0.106480524","0"
"0.02141579","0"
"0.014903949","0"
"0.33593997","0"
"0.60951805","0"
"0.014292121","0"
"0.11832201","0"
"0.0749935","0"
"0.078205585","0"
"0.020805528","0"
"0.06964846","0"
"0.03335394","0"
"0.027111223","0"
"0.07513368","0"
"0.026800638","0"
"0.72176087","0"
"0.2004765","0"
"0.24467318","0"
"0.014227307","0"
"0.15382338","0"
"0.13970134","0"
"0.19281699","0"
"0.045877233","0"
"0.024659207","0"
"0.01721824","0"
"0.101601675","0"
"0.025182957","0"
"0.3108917","0"
"0.053189404","0"
"0.35911644","0"
"0.020733211","0"
"0.06524511","0"
"0.09138399","0"
"0.003795501","0"
"0.036527213","0"
"0.30112723","0"
"0.049913675","0"
"0.07454237","0"
"0.050583377","0"
"0.03596734","0"
"0.08995387","0"
"0.034071673","0"
"0.33234072","0"
"0.15562682","0"
"0.07990955","1"
"0.28793138","0"
"0.06295934","0"
"0.023392178","0"
"0.03674858","0"
"0.014259885","0"
"0.0144746825","0"
"0.017192462","0"
"0.1051468","0"
"0.05423721","0"
"0.80370915","0"
"0.0045353607","0"
"0.04228281","0"
"0.10901491","0"
"0.027726589","0"
"0.11750341","0"
"0.0036042093","0"
"0.062194183","0"
"0.8001854","1"
"0.97150403","0"
"0.055854853","0"
"0.0045711426","0"
"0.07418813","0"
"0.30612278","0"
"0.1758566","0"
"0.044016723","0"
"0.03966176","0"
"0.0132543165","0"
"0.29354933","0"
"0.15343505","0"
"0.070373505","0"
"0.8202214","0"
"0.10935875","0"
"0.015075062","0"
"0.33760664","0"
"0.0488801","0"
"0.019440215","0"
"0.2523827","0"
"0.019216942","0"
"0.10788243","0"
"0.021166246","0"
"0.036272433","0"
"0.045772463","0"
"0.15503414","1"
"0.05900402","0"
"0.1401135","0"
"0.017208671","0"
"0.12177471","0"
"0.1484886","0"
"0.017678961","0"
"0.021034995","0"
"0.90602857","0"
"0.05640112","0"
"0.20895214","1"
"0.113714606","0"
"0.00879731","0"
"0.0022542097","0"
"0.09050141","0"
"0.044259824","0"
"0.17566723","0"
"0.07052461","0"
"0.026351677","0"
"0.010563987","0"
"0.019429157","0"
"0.18074891","0"
"0.09602255","0"
"0.22824599","0"
"0.071977295","0"
"0.40936366","0"
"0.864838","0"
"0.04982039","0"
"0.019589743","0"
"0.015058647","0"
"0.0129115","0"
"0.76917297","0"
"0.093445376","0"
"0.96182084","0"
"0.011633114","0"
"0.009585086","0"
"0.03355747","0"
"0.11102872","0"
"0.20606911","0"
"0.4686196","0"
"0.1607671","0"
"0.021359406","0"
"0.20063294","0"
"0.024217142","0"
"0.05176632","0"
"0.53041655","0"
"0.12631583","0"
"0.1760493","0"
"0.15802221","0"
"0.012800783","0"
"0.04560196","0"
"0.06673704","0"
"0.29596716","0"
"0.10001564","0"
"0.7411623","0"
"0.040504146","0"
"0.11243047","0"
"0.0667505","0"
"0.059173957","0"
"0.03360121","0"
"0.04157607","0"
"0.17291984","0"
"0.035603978","0"
"0.1667858","0"
"0.05977476","0"
"0.037547182","0"
"0.99468875","0"
"0.062255584","0"
"0.008686105","0"
"0.17211664","0"
"0.7157394","1"
"0.015254816","0"
"0.13286613","0"
"0.2650397","0"
"0.0654922","0"
"0.0066077383","0"
"0.9351506","1"
"0.13032953","0"
"0.43316913","0"
"0.31080523","0"
"0.08171487","0"
"0.78030086","0"
"0.017366948","0"
"0.05384379","0"
"0.8686339","0"
"0.0072115804","0"
"0.017597513","0"
"0.21973531","0"
"0.26667202","0"
"0.112499006","0"
"0.06302161","0"
"0.19112791","0"
"0.01953535","0"
"0.50663716","0"
"0.16239032","0"
"0.026922807","0"
"0.15647598","0"
"0.083479494","0"
"0.23214091","0"
"0.053559866","0"
"0.044642184","0"
"0.13263708","0"
"0.037700363","0"
"0.068736","0"
"0.010055515","0"
"0.09429388","0"
"0.074304275","0"
"0.015490713","0"
"0.008694887","0"
"0.0030318308","0"
"0.046520237","0"
"0.071631126","0"
"0.26927748","0"
"0.09966622","0"
"0.70383006","0"
"0.11686646","0"
"0.03705494","0"
"0.025129754","0"
"0.24998784","0"
"0.037754145","0"
"0.03543423","0"
"0.1906929","0"
"0.018988905","0"
"0.17125526","0"
"0.041889817","0"
"0.11559437","0"
"0.6199617","0"
"0.20081854","0"
"0.016494045","0"
"0.22330351","0"
"0.038021695","0"
"0.029413633","0"
"0.07374578","0"
"0.32763556","0"
"0.1974841","0"
"0.077674635","0"
"0.012988151","0"
"0.01086526","0"
"0.014290549","0"
"0.03339067","0"
"0.44290593","0"
"0.06772262","0"
"0.37471652","0"
"0.048727054","0"
"0.10556867","0"
"0.23507236","0"
"0.053585507","0"
"0.018918324","0"
"0.017407078","0"
"0.18933465","0"
"0.155979","0"
"0.071390525","0"
"0.03984857","0"
"0.025645077","0"
"0.050421804","0"
"0.058746886","0"
"0.39104408","0"
"0.016297722","0"
"0.7977702","0"
"0.87967455","0"
"0.03138643","0"
"0.05895923","0"
"0.14146489","0"
"0.28200123","0"
"0.012280966","0"
"0.036117632","0"
"0.032134473","0"
"0.034458768","0"
"0.048803605","0"
"0.33904132","0"
"0.106690295","0"
"0.800694","0"
"0.019628162","0"
"0.20244713","0"
"0.15569142","0"
"0.086582385","0"
"0.40634874","0"
"0.026076103","0"
"0.014821731","0"
"0.13500993","0"
"0.35625476","0"
"0.20478629","0"
"0.055793993","0"
"0.13042195","0"
"0.19997153","0"
"0.15832253","0"
"0.03107592","0"
"0.030367503","0"
"0.2043705","0"
"0.35590222","0"
"0.07257534","0"
"0.07873723","0"
"0.18417616","0"
"0.1453896","0"
"0.14606053","0"
"0.91303104","0"
"0.1642532","0"
"0.0042865","0"
"0.16880338","0"
"0.28158563","0"
"0.34204733","0"
"0.99072087","0"
"0.49138314","0"
"0.015795372","0"
"0.14492197","0"
"0.00535534","0"
"0.009866706","0"
"0.081799604","0"
"0.041773137","0"
"0.016566984","0"
"0.25790024","0"
"0.82618743","0"
"0.05283602","0"
"0.06827172","0"
"0.028222425","0"
"0.030720893","0"
"0.043202803","0"
"0.061782118","0"
"0.5426245","0"
"0.007335799","0"
"0.017323473","0"
"0.9472289","0"
"0.35031566","0"
"0.21881908","0"
"0.070231594","0"
"0.070725985","0"
"0.08089899","0"
"0.2608737","0"
"0.007999452","0"
"0.06945207","0"
"0.12845615","0"
"0.03327128","0"
"0.107358865","0"
"0.120699994","0"
"0.044734348","0"
"0.02519363","0"
"0.05180452","0"
"0.06498168","0"
"0.24346006","0"
"0.026271418","0"
"0.14773165","0"
"0.06271988","0"
"0.050948184","0"
"0.042465214","0"
"0.20476589","0"
"0.047134608","0"
"0.22911794","0"
"0.06191947","0"
"0.29071003","0"
"0.07791449","0"
"0.06811281","0"
"0.07488069","0"
"0.5169479","0"
"0.07951571","0"
"0.13243732","0"
"0.02991493","0"
"0.29169962","0"
"0.11688346","0"
"0.6817102","0"
"0.137125","0"
"0.031809844","0"
"0.09364659","0"
"0.5387688","0"
"0.23529863","0"
"0.0378902","0"
"0.041585065","0"
"0.009504535","0"
"0.043265637","0"
"0.03320476","0"
"0.029329963","0"
"0.04313195","0"
"0.006424723","0"
"0.16285056","0"
"0.02565804","0"
"0.029247774","0"
"0.23521315","0"
"0.19204432","0"
"0.2733077","0"
"0.029293034","0"
"0.44987738","0"
"0.4079601","0"
"0.13657314","0"
"0.077884026","0"
"0.015500541","0"
"0.025744362","0"
"0.17855547","0"
"0.019022372","0"
"0.23115012","0"
"0.035110746","0"
"0.045598682","0"
"0.34594807","0"
"0.6874325","0"
"0.026173517","0"
"0.050501034","0"
"0.047163263","0"
"0.03019918","0"
"0.028968863","0"
"0.27205935","0"
"0.015883917","0"
"0.24731751","0"
"0.04199238","0"
"0.055590115","0"
"0.18027653","0"
"0.09554862","0"
"0.0630002","0"
"0.08771753","0"
"0.22876304","0"
"0.36894125","0"
"0.016460732","0"
"0.004209461","0"
"0.2205774","0"
"0.17598513","0"
"0.017660338","0"
"0.047451295","0"
"0.097251445","0"
"0.015770812","0"
"0.05644195","0"
"0.22209401","0"
"0.10740556","0"
"0.0059511936","0"
"0.042133342","0"
"0.015823128","0"
"0.048747055","0"
"0.58438134","0"
"0.88267","0"
"0.3747691","0"
"0.17497395","0"
"0.30633923","0"
"0.029871482","0"
"0.32620308","0"
"0.10152619","0"
"0.015079212","0"
"0.20098914","0"
"0.2829999","0"
"0.032310903","0"
"0.14217494","0"
"0.041087985","0"
"0.27160382","0"
"0.0849466","0"
"0.09271001","0"
"0.14307097","0"
"0.088778235","0"
"0.06986684","0"
"0.14156856","0"
"0.1897972","0"
"0.016383173","0"
"0.24934007","0"
"0.025741091","0"
"0.4674514","0"
"0.10380886","0"
"0.09546323","0"
"0.24521984","0"
"0.19840395","0"
"0.013690559","0"
"0.8764044","0"
"0.032497216","0"
"0.009620563","0"
"0.010992965","0"
"0.015746279","0"
"0.16927102","0"
"0.19934744","1"
"0.048945904","0"
"0.91702026","0"
"0.1579532","0"
"0.077964835","0"
"0.6293439","0"
"0.18405145","0"
"0.16283584","0"
"0.4009992","0"
"0.042585723","0"
"0.012752511","0"
"0.7327615","0"
"0.05187312","0"
"0.02625297","0"
"0.030073522","0"
"0.090977274","0"
"0.026794426","0"
"0.08077476","0"
"0.014893849","0"
"0.17191732","0"
"0.108570985","0"
"0.1583777","0"
"0.09980498","0"
"0.06006558","0"
"0.67838675","0"
"0.070260555","0"
"0.03701633","0"
"0.016430397","0"
"0.023508128","0"
"0.02251004","0"
"0.2114959","0"
"0.035376847","0"
"0.122842416","0"
"0.40262786","0"
"0.046816092","0"
"0.10300136","0"
"0.13202144","0"
"0.12472069","0"
"0.0451217","0"
"0.047884274","0"
"0.05519267","0"
"0.35731757","0"
"0.17618607","0"
"0.2542144","0"
"0.07914208","0"
"0.06631738","0"
"0.05841992","0"
"0.24245417","0"
"0.40550604","0"
"0.023065591","0"
"0.09927742","0"
"0.03062616","0"
"0.08800052","0"
"0.45191038","0"
"0.21611443","0"
"0.150699","0"
"0.10988924","0"
"0.25066105","1"
"0.07192624","0"
"0.026348263","0"
"0.060468763","0"
"0.23322903","0"
"0.18456137","0"
"0.014683013","0"
"0.2429636","0"
"0.063621685","0"
"0.061053485","0"
"0.38008896","0"
"0.0056959954","0"
"0.58670676","1"
"0.7498815","0"
"0.52394575","0"
"0.515047","0"
"0.08913647","0"
"0.030457739","0"
"0.6298724","0"
"0.41421035","0"
"0.024449838","0"
"0.046176985","0"
"0.34283754","0"
"0.019175213","0"
"0.0380698","0"
"0.62562287","0"
"0.1103058","0"
"0.7875254","0"
"0.016309697","0"
"0.41822508","0"
"0.1042808","0"
"0.01416486","0"
"0.19949795","0"
"0.012763333","0"
"0.051698644","0"
"0.6775354","0"
"0.023235528","0"
"0.1779961","0"
"0.031909756","0"
"0.038883958","0"
"0.016838629","0"
"0.08702321","0"
"0.016533565","0"
"0.014525807","0"
"0.13124236","0"
"0.03414192","0"
"0.053316638","0"
"0.015286495","0"
"0.65735435","0"
"0.06346553","0"
"0.20848821","0"
"0.043913122","0"
"0.2093485","0"
"0.011543314","0"
"0.15154926","0"
"0.04801111","0"
"0.31912446","0"
"0.026257114","0"
"0.09037848","0"
"0.008209526","0"
"0.0026212726","0"
"0.8081978","0"
"0.015423669","0"
"0.070235245","0"
"0.22238015","0"
"0.08976064","0"
"0.015099947","0"
"0.3133593","0"
"0.12822528","0"
"0.37054873","0"
"0.3420133","0"
"0.28358588","0"
"0.005422485","0"
"0.007855034","0"
"0.038732875","0"
"0.013977486","0"
"0.14568627","0"
"0.09519225","0"
"0.060767986","0"
"0.025731657","0"
"0.006741569","0"
"0.040133383","0"
"0.13785324","0"
"0.012058289","0"
"0.96893007","0"
"0.9599191","0"
"0.14351013","0"
"0.10747009","0"
"0.09649648","0"
"0.051344637","0"
"0.7470065","0"
"0.029156277","0"
"0.023780439","0"
"0.1309564","0"
"0.57867897","0"
"0.008924735","0"
"0.0141825555","0"
"0.073144324","0"
"0.100398436","0"
"0.056790244","0"
"0.026559645","0"
"0.024986582","0"
"0.09838424","0"
"0.7209966","0"
"0.015549799","0"
"0.13525313","0"
"0.35006857","0"
"0.020895861","0"
"0.02105341","0"
"0.77144706","0"
"0.24245933","0"
"0.2842096","0"
"0.35565615","1"
"0.7427405","0"
"0.027562324","0"
"0.12874883","0"
"0.39880115","0"
"0.028525434","0"
"0.015129521","0"
"0.02536577","0"
"0.20886235","0"
"0.037601724","0"
"0.004205659","0"
"0.8497972","0"
"0.035046387","0"
"0.08952757","0"
"0.010508257","0"
"0.0077084163","0"
"0.012835797","0"
"0.15550989","0"
"0.03474421","0"
"0.038035817","0"
"0.5318583","0"
"0.9622076","1"
"0.012884169","0"
"0.025118731","0"
"0.03187651","0"
"0.038432326","0"
"0.15515333","0"
"0.47058395","0"
"0.053597867","0"
"0.038988717","0"
"0.11886237","0"
"0.06501895","0"
"0.55301565","0"
"0.040549114","0"
"0.007612113","0"
"0.6706532","1"
"0.047294267","0"
"0.14863469","0"
"0.09343178","0"
"0.7166361","0"
"0.12050644","0"
"0.3183399","0"
"0.37028283","0"
"0.06329379","0"
"0.07245997","0"
"0.41594878","0"
"0.23830515","0"
"0.22342834","0"
"0.13542967","0"
"0.051682673","0"
"0.22924379","0"
"0.036641743","0"
"0.024958493","0"
"0.009365728","0"
"0.26729473","0"
"0.019680955","0"
"0.052539792","0"
"0.019745803","0"
"0.023414917","0"
"0.39385992","0"
"0.024080532","0"
"0.19525732","0"
"0.113755286","0"
"0.09287746","0"
"0.29052606","0"
"0.086972","0"
"0.35056973","1"
"0.055249665","0"
"0.4656027","0"
"0.8952436","0"
"0.3583669","0"
"0.032731064","0"
"0.008766706","0"
"0.72895485","0"
"0.057095695","0"
"0.0712764","0"
"0.2922614","0"
"0.14235006","0"
"0.14097291","0"
"0.07902081","0"
"0.48330015","0"
"0.20669787","0"
"0.051533557","0"
"0.08675898","0"
"0.034896355","0"
"0.060347684","0"
"0.032108657","0"
"0.032994833","0"
"0.3772192","0"
"0.07105928","0"
"0.033149865","0"
"0.10669341","0"
"0.34024084","0"
"0.60647404","0"
"0.00239927","0"
"0.033031646","0"
"0.6081212","0"
"0.04464201","0"
"0.011209497","0"
"0.078631684","0"
"0.08132966","0"
"0.040032238","0"
"0.023360696","0"
"0.009462185","0"
"0.08494451","0"
"0.09981265","0"
"0.047901794","0"
"0.059411533","0"
"0.015620163","0"
"0.28499866","0"
"0.08433564","0"
"0.022350393","0"
"0.025878707","0"
"0.99952257","1"
"0.012969728","0"
"0.07751278","0"
"0.04682146","0"
"0.03582042","0"
"0.04277147","0"
"0.29615918","0"
"0.02449298","0"
"0.008274516","0"
"0.024499254","0"
"0.21099807","0"
"0.06514529","0"
"0.018026078","0"
"0.31033573","0"
"0.049726684","0"
"0.110210985","0"
"0.8000648","0"
"0.04438956","0"
"0.47024924","0"
"0.10394344","0"
"0.08777906","0"
"0.124531955","0"
"0.034600623","0"
"0.03289059","0"
"0.016241286","0"
"0.20794171","0"
"0.13005827","0"
"0.31944776","0"
"0.09411099","0"
"0.050091166","0"
"0.21404822","0"
"0.16072015","0"
"0.12138017","0"
"0.70641357","0"
"0.033894666","0"
"0.98267454","0"
"0.031697545","0"
"0.013163784","0"
"0.009348839","0"
"0.03731669","0"
"0.010618873","0"
"0.033554688","1"
"0.029355327","0"
"0.009945077","0"
"0.033365447","0"
"0.2431555","0"
"0.10954293","0"
"0.09828388","0"
"0.074022256","0"
"0.05622758","0"
"0.30240288","0"
"0.03814984","0"
"0.09475117","0"
"0.00795867","0"
"0.030163322","0"
"0.037132334","0"
"0.09667519","0"
"0.17212573","0"
"0.017993161","0"
"0.05509981","0"
"0.30354092","0"
"0.36867207","0"
"0.17005633","0"
"0.06535471","0"
"0.010153687","0"
"0.020095803","0"
"0.0756753","0"
"0.18516178","0"
"0.031333208","0"
"0.24773885","0"
"0.016463635","0"
"0.106785975","0"
"0.017167598","0"
"0.024662005","0"
"0.010201744","0"
"0.022409646","0"
"0.19707103","0"
"0.022652082","0"
"0.4615062","0"
"0.034302056","0"
"0.51601124","1"
"0.28245965","1"
"0.0062984293","0"
"0.34278724","0"
"0.16222085","0"
"0.08742411","0"
"0.19436193","0"
"0.033254154","0"
"0.05932739","0"
"0.027998058","0"
"0.08460486","0"
"0.07163433","0"
"0.4648733","0"
"0.014405736","0"
"0.71632206","0"
"0.066542506","0"
"0.044572998","0"
"0.047678392","0"
"0.0794488","0"
"0.101335734","0"
"0.006085881","0"
"0.93137914","1"
"0.023724787","0"
"0.036187064","0"
"0.06675449","0"
"0.29736364","0"
"0.382547","0"
"0.0062285108","0"
"0.114276074","0"
"0.20587063","0"
"0.015720796","0"
"0.00434124","0"
"0.05230195","0"
"0.00890209","0"
"0.011714062","0"
"0.08847824","0"
"0.010159871","0"
"0.0204827","0"
"0.005758291","0"
"0.22080347","0"
"0.035992686","0"
"0.1535396","0"
"0.29109648","0"
"0.089959726","1"
"0.072478145","0"
"0.09658742","0"
"0.0129034445","0"
"0.051793434","0"
"0.06768258","0"
"0.013682377","0"
"0.19933416","0"
"0.12429076","1"
"0.030063147","0"
"0.006857852","0"
"0.07102583","0"
"0.16687855","0"
"0.1133382","0"
"0.04315321","0"
"0.03314262","0"
"0.009489141","0"
"0.34445274","0"
"0.19421007","0"
"0.2782807","0"
"0.08836353","1"
"0.1132484","1"
"0.30464095","0"
"0.0137145","0"
"0.021151984","0"
"0.11897196","0"
"0.14675127","0"
"0.06673577","0"
"0.019185575","0"
"0.19551733","0"
"0.20649129","0"
"0.8575572","0"
"0.10385125","0"
"0.08117173","0"
"0.09591151","0"
"0.055794332","0"
"0.18590991","0"
"0.5331813","0"
"0.012086826","0"
"0.014690203","0"
"0.055806857","0"
"0.7102808","0"
"0.35552993","0"
"0.016401595","0"
"0.16988689","0"
"0.167886","0"
"0.032812774","0"
"0.06291866","0"
"0.022326332","0"
"0.038140804","0"
"0.18792306","0"
"0.82530826","1"
"0.02886324","0"
"0.081043646","0"
"0.09188741","0"
"0.12033336","0"
"0.78195846","0"
"0.069805086","0"
"0.08500503","0"
"0.03873945","0"
"0.37950152","0"
"0.05110959","0"
"0.11126746","0"
"0.016097806","0"
"0.010367394","0"
"0.08396997","0"
"0.03803","0"
"0.08379905","0"
"0.22833212","0"
"0.043129787","0"
"0.08539456","0"
"0.024989324","0"
"0.13514976","0"
"0.15401101","0"
"0.08543102","0"
"0.19170143","0"
"0.1280904","0"
"0.28621066","0"
"0.062716275","0"
"0.19092634","0"
"0.16318125","0"
"0.005405136","0"
"0.015895259","0"
"0.017301125","0"
"0.026119933","0"
"0.028058391","0"
"0.12937964","0"
"0.11156031","0"
"0.9258324","0"
"0.065713115","0"
"0.09348144","0"
"0.020383254","0"
"0.58790356","0"
"0.0059482967","0"
"0.18038702","0"
"0.051486194","0"
"0.16057223","0"
"0.00868918","0"
"0.04916691","0"
"0.75683105","0"
"0.040732954","0"
"0.05174286","0"
"0.4531935","0"
"0.27137128","0"
"0.13548428","0"
"0.012740492","0"
"0.037728596","0"
"0.069597475","0"
"0.06812601","0"
"0.08631334","0"
"0.02048979","0"
"0.020287221","0"
"0.021181906","0"
"0.010661873","0"
"0.08068671","0"
"0.058901206","0"
"0.0406291","0"
"0.049167916","0"
"0.062907405","0"
"0.05340127","0"
"0.32761982","0"
"0.53751385","0"
"0.029914828","0"
"0.06567103","0"
"0.3159735","0"
"0.044208966","0"
"0.016928796","0"
"0.14403854","0"
"0.085836224","0"
"0.07943462","0"
"0.025159901","0"
"0.13512322","0"
"0.019368058","0"
"0.37362114","0"
"0.030182488","0"
"0.051143236","0"
"0.050953384","0"
"0.03755221","0"
"0.02743757","0"
"0.022569058","0"
"0.026575616","0"
"0.09409386","0"
"0.018999942","0"
"0.020717423","0"
"0.28292882","0"
"0.03303579","0"
"0.13241033","0"
"0.08085921","0"
"0.037774514","0"
"0.05113655","0"
"0.0279253","0"
"0.023109583","0"
"0.08735774","0"
"0.11140738","0"
"0.01521097","0"
"0.017734272","0"
"0.2810484","0"
"0.5960912","0"
"0.025032284","0"
"0.11252563","0"
"0.33074158","0"
"0.014217981","0"
"0.14633171","0"
"0.07786364","0"
"0.056074094","0"
"0.064597815","0"
"0.014573995","0"
"0.038656794","0"
"0.025689438","0"
"0.33252224","0"
"0.48548567","0"
"0.06898992","0"
"0.026044048","0"
"0.84121454","0"
"0.08603929","0"
"0.050190773","0"
"0.16816427","0"
"0.12327836","0"
"0.03516593","0"
"0.23746325","0"
"0.24074364","0"
"0.21030933","0"
"0.07143843","0"
"0.012636105","0"
"0.03220465","0"
"0.033515587","0"
"0.06763399","0"
"0.2590089","0"
"0.005026379","0"
"0.5626164","0"
"0.33677426","0"
"0.052604314","0"
"0.23734206","0"
"0.07007486","1"
"0.1272379","0"
"0.007585503","0"
"0.026639638","0"
"0.59255254","0"
"0.1250529","0"
"0.14154325","0"
"0.084286265","0"
"0.05484998","0"
"0.28017884","0"
"0.020031663","0"
"0.15635566","0"
"0.17773262","0"
"0.008314299","0"
"0.030506585","0"
"0.08149879","0"
"0.040449396","0"
"0.7238094","0"
"0.06820662","0"
"0.014641803","0"
"0.062047355","0"
"0.28564408","0"
"0.11697823","0"
"0.019097881","0"
"0.05672538","0"
"0.009297144","0"
"0.14920957","0"
"0.053034246","0"
"0.017400652","0"
"0.19375394","0"
"0.025691234","0"
"0.08101437","0"
"0.034722693","0"
"0.028857848","0"
"0.46786267","0"
"0.02947422","0"
"0.18213089","0"
"0.4611222","0"
"0.14530024","0"
"0.18784466","0"
"0.10723816","0"
"0.0981584","0"
"0.5643416","0"
"0.006393983","0"
"0.11965082","0"
"0.20844516","0"
"0.42923218","0"
"0.063038155","0"
"0.025400775","0"
"0.11220287","0"
"0.016014887","0"
"0.04815262","0"
"0.055268846","0"
"0.026686644","0"
"0.2586541","0"
"0.08699766","0"
"0.087500885","0"
"0.027886806","0"
"0.11157225","0"
"0.2786691","0"
"0.32327372","0"
"0.12434115","0"
"0.043222953","0"
"0.007022996","0"
"0.47584572","0"
"0.4412958","0"
"0.06010026","0"
"0.034695964","0"
"0.20786177","0"
"0.010182944","0"
"0.048731152","0"
"0.016823139","0"
"0.3143542","0"
"0.045589313","0"
"0.048876394","0"
"0.03166895","0"
"0.90413654","1"
"0.031156255","0"
"0.05869315","0"
"0.05784193","0"
"0.20162426","0"
"0.46185195","0"
"0.1019164","0"
"0.119066805","0"
"0.013337861","0"
"0.43977094","0"
"0.009257082","0"
"0.11761077","0"
"0.29835203","0"
"0.08759118","0"
"0.079906695","0"
"0.1235973","0"
"0.06198721","0"
"0.058657512","0"
"0.04497839","0"
"0.068528384","0"
"0.043178793","0"
"0.081851475","0"
"0.035082858","0"
"0.5863362","0"
"0.08121751","0"
"0.110143535","0"
"0.50202644","0"
"0.25807074","0"
"0.008909109","0"
"0.99503326","0"
"0.068858795","0"
"0.15367527","0"
"0.11038808","0"
"0.05879545","0"
"0.073739685","0"
"0.049074948","0"
"0.096163586","0"
"0.012679417","0"
"0.034726433","0"
"0.0068069","0"
"0.006187422","0"
"0.017866276","0"
"0.02516748","0"
"0.183984","0"
"0.054618455","0"
"0.11375993","0"
"0.31381822","0"
"0.14975417","0"
"0.10049525","0"
"0.7751484","0"
"0.5745977","0"
"0.3214672","0"
"0.047684114","0"
"0.053447843","0"
"0.04170419","0"
"0.029505523","0"
"0.03467341","0"
"0.41549763","0"
"0.07894018","0"
"0.17262389","0"
"0.027107349","0"
"0.03541845","0"
"0.016794315","0"
"0.10575731","0"
"0.09414036","0"
"0.0067187394","0"
"0.14812204","0"
"0.4408962","0"
"0.030794851","0"
"0.027631558","0"
"0.6921312","0"
"0.049679626","0"
"0.3690153","0"
"0.02206498","0"
"0.05311932","0"
"0.33713567","0"
"0.16028157","0"
"0.020801168","0"
"0.15965901","0"
"0.22907697","0"
"0.06749765","0"
"0.08391944","0"
"0.02786553","0"
"0.22254445","0"
"0.08180265","0"
"0.1756558","0"
"0.12738518","0"
"0.1596208","0"
"0.5278428","0"
"0.047396906","0"
"0.016672552","0"
"0.17720374","0"
"0.11552382","0"
"0.09231761","0"
"0.433943","0"
"0.08736888","0"
"0.8419166","1"
"0.058471575","0"
"0.08246978","0"
"0.20350024","0"
"0.07481411","0"
"0.03979893","0"
"0.025571328","0"
"0.13859278","0"
"0.02185815","0"
"0.09987064","0"
"0.07031647","0"
"0.26127908","0"
"0.420941","0"
"0.011923692","0"
"0.20888588","0"
"0.05530557","0"
"0.032818016","0"
"0.23531674","1"
"0.085305035","0"
"0.048645657","0"
"0.02761185","0"
"0.032622203","0"
"0.3339102","0"
"0.03530768","0"
"0.052973233","0"
"0.11200341","0"
"0.05512597","0"
"0.3507481","0"
"0.062497944","0"
"0.73837024","0"
"0.02827619","0"
"0.061635144","0"
"0.0121593345","0"
"0.013099332","0"
"0.32537127","0"
"0.0646163","0"
"0.05292087","0"
"0.003111266","0"
"0.01741326","0"
"0.07594583","0"
"0.055991463","0"
"0.08061593","0"
"0.99382704","0"
"0.2876321","0"
"0.011085446","0"
"0.10442805","0"
"0.18863551","0"
"0.21618898","0"
"0.15826377","0"
"0.22001235","0"
"0.73878556","0"
"0.22920719","0"
"0.28995594","0"
"0.14210182","0"
"0.013348526","0"
"0.10203574","0"
"0.13060157","0"
"0.19281372","0"
"0.027369963","0"
"0.035501473","0"
"0.53086346","0"
"0.0704155","0"
"0.21114925","0"
"0.013047559","0"
"0.6380101","0"
"0.2543963","0"
"0.023935078","0"
"0.039642923","0"
"0.021725068","0"
"0.035607368","0"
"0.643386","0"
"0.13655573","0"
"0.72421926","0"
"0.28688556","0"
"0.05515607","0"
"0.050877172","0"
"0.08299375","0"
"0.015413136","0"
"0.058782876","0"
"0.42433327","0"
"0.25553852","0"
"0.0557386","0"
"0.0136336805","0"
"0.009749427","0"
"0.03787349","0"
"0.12852928","0"
"0.26965535","0"
"0.13301891","0"
"0.008851035","0"
"0.1093705","0"
"0.022161463","0"
"0.028026393","0"
"0.18459274","0"
"0.020343002","0"
"0.5388505","0"
"0.6086658","0"
"0.0691122","0"
"0.06244914","0"
"0.32371068","0"
"0.27497846","0"
"0.5969825","0"
"0.05911351","0"
"0.05093259","0"
"0.051466443","0"
"0.18139978","0"
"0.023893956","0"
"0.122792676","0"
"0.09938399","0"
"0.27451584","0"
"0.61890733","0"
"0.22694352","0"
"0.03357116","0"
"0.48478583","0"
"0.4458655","0"
"0.023603184","0"
"0.043936927","0"
"0.20478924","0"
"0.054189313","0"
"0.04528672","0"
"0.024866493","0"
"0.5973985","0"
"0.1580486","0"
"0.027499516","0"
"0.031379648","0"
"0.02597677","0"
"0.04109178","0"
"0.042145036","0"
"0.012596674","0"
"0.008930182","0"
"0.011533265","0"
"0.028255962","0"
"0.10513754","0"
"0.5580931","0"
"0.13392791","0"
"0.048672996","0"
"0.32954365","0"
"0.029027717","0"
"0.011586609","0"
"0.5159114","0"
"0.2568613","0"
"0.038485676","0"
"0.14285375","0"
"0.59162563","0"
"0.2993008","0"
"0.3828664","0"
"0.037530757","0"
"0.05196056","0"
"0.9577463","0"
"0.16846538","0"
"0.11400936","0"
"0.09621385","0"
"0.2009827","0"
"0.06933503","0"
"0.021668501","0"
"0.013736744","0"
"0.02260713","0"
"0.017077176","0"
"0.29174736","0"
"0.9000075","0"
"0.037932117","0"
"0.1365848","0"
"0.019416114","0"
"0.119096436","0"
"0.04146747","0"
"0.085189395","0"
"0.05004421","0"
"0.014253707","0"
"0.31109524","0"
"0.07634914","0"
"0.028812049","0"
"0.40432525","0"
"0.061208155","0"
"0.023438683","0"
"0.06845144","0"
"0.0033589911","0"
"0.013634597","0"
"0.034224786","0"
"0.03220999","0"
"0.9926402","1"
"0.021438407","0"
"0.008197728","0"
"0.033673976","0"
"0.18246438","0"
"0.030827494","0"
"0.0033613448","0"
"0.010527885","0"
"0.08015285","0"
"0.009887247","0"
"0.55256134","0"
"0.039030008","0"
"0.011708609","0"
"0.8247877","0"
"0.06580655","0"
"0.034495004","0"
"0.025064554","0"
"0.24728805","0"
"0.07979181","0"
"0.10109345","0"
"0.077471465","0"
"0.012275009","0"
"0.017901938","0"
"0.011352827","0"
"0.81434065","0"
"0.27970213","0"
"0.0519474","0"
"0.27709493","0"
"0.1030092","0"
"0.009552449","0"
"0.07820577","0"
"0.4479995","0"
"0.021944584","0"
"0.17287548","0"
"0.045519758","0"
"0.01627898","0"
"0.023156028","0"
"0.03709149","0"
"0.06410118","0"
"0.1804925","0"
"0.048193585","0"
"0.022302348","0"
"0.07204681","0"
"0.04100393","0"
"0.27146676","0"
"0.29238757","0"
"0.109212264","0"
"0.1527195","0"
"0.013565576","0"
"0.28171116","0"
"0.08358528","0"
"0.026176155","0"
"0.9082863","0"
"0.008238567","0"
"0.48370096","0"
"0.3908083","0"
"0.0074113086","0"
"0.19748151","0"
"0.38816473","0"
"0.16777444","0"
"0.032557957","0"
"0.1829742","0"
"0.1484068","0"
"0.030463967","0"
"0.79032516","0"
"0.05370657","0"
"0.018039038","0"
"0.035599295","0"
"0.054906845","0"
"0.2217164","0"
"0.07792457","0"
"0.07513203","0"
"0.010643921","0"
"0.020165037","0"
"0.016271483","0"
"0.41531184","0"
"0.44939318","0"
"0.7355039","0"
"0.14401591","0"
"0.027822055","0"
"0.07189809","0"
"0.56772447","0"
"0.011651967","0"
"0.08683772","0"
"0.022516977","0"
"0.081064604","0"
"0.027203111","0"
"0.116303965","0"
"0.02292536","0"
"0.29815486","0"
"0.03259169","0"
"0.050547548","0"
"0.30703768","0"
"0.053945933","0"
"0.61563176","0"
"0.08563285","0"
"0.11973219","0"
"0.24485174","0"
"0.0076306653","0"
"0.019190855","0"
"0.01712831","0"
"0.11181373","0"
"0.14240903","0"
"0.04032957","0"
"0.00811218","0"
"0.076218784","0"
"0.14040712","0"
"0.48425758","0"
"0.07448584","0"
"0.039784975","0"
"0.7218904","0"
"0.14535205","0"
"0.7375092","0"
"0.33735362","0"
"0.06316517","0"
"0.10081616","0"
"0.14175732","0"
"0.27265227","0"
"0.033936553","0"
"0.09495286","0"
"0.18792385","1"
"0.0142824985","0"
"0.017713036","0"
"0.036029227","0"
"0.121939465","0"
"0.01638391","0"
"0.043726087","0"
"0.12308163","0"
"0.009918323","0"
"0.063413665","0"
"0.02571581","0"
"0.047235675","0"
"0.09137874","1"
"0.059793055","0"
"0.030232454","0"
"0.041353524","0"
"0.029059287","0"
"0.017430998","0"
"0.43370017","0"
"0.084023654","0"
"0.04370469","0"
"0.38177195","0"
"0.05276501","0"
"0.05031387","0"
"0.043490097","0"
"0.03260209","1"
"0.4248465","0"
"0.025823263","0"
"0.0074756434","0"
"0.31958523","0"
"0.034169238","0"
"0.011827357","0"
"0.43149668","0"
"0.16661687","0"
"0.025701186","0"
"0.05892918","0"
"0.0936283","0"
"0.01595088","0"
"0.15960206","0"
"0.030757291","0"
"0.06548431","0"
"0.06230888","0"
"0.3492656","0"
"0.04627664","0"
"0.020092081","0"
"0.1517499","0"
"0.22115353","0"
"0.03999114","0"
"0.45600918","0"
"0.06657868","0"
"0.022388762","0"
"0.045806702","0"
"0.07116503","0"
"0.09432552","0"
"0.04676347","0"
"0.26242915","0"
"0.01596593","0"
"0.068075985","0"
"0.113712594","0"
"0.3148627","0"
"0.029932426","0"
"0.45964593","0"
"0.1647366","0"
"0.014814122","0"
"0.037807453","0"
"0.4071926","0"
"0.07388229","0"
"0.04396986","0"
"0.02761329","0"
"0.27271676","0"
"0.012049941","0"
"0.039263804","0"
"0.014800292","0"
"0.023397656","0"
"0.12026095","0"
"0.03964201","0"
"0.14521913","0"
"0.07329605","0"
"0.013960081","0"
"0.07693092","1"
"0.04075914","0"
"0.13928024","0"
"0.91822076","0"
"0.7266484","0"
"0.017406318","0"
"0.07629241","0"
"0.57455486","0"
"0.68027145","0"
"0.011345267","0"
"0.8819388","0"
"0.22307372","0"
"0.13276964","0"
"0.12392258","0"
"0.12756541","0"
"0.19270371","0"
"0.0065483386","0"
"0.039664306","0"
"0.0041667465","0"
"0.68181187","0"
"0.037647806","0"
"0.08430104","0"
"0.09837541","0"
"0.07182376","0"
"0.110998094","0"
"0.01768278","0"
"0.028596837","0"
"0.977734","1"
"0.008835329","0"
"0.12140104","0"
"0.6748339","0"
"0.14579457","0"
"0.24890588","0"
"0.044376425","0"
"0.039322693","0"
"0.14378825","0"
"0.027616968","0"
"0.038286053","0"
"0.018528963","0"
"0.2471746","0"
"0.9449198","0"
"0.30243418","0"
"0.43815634","0"
"0.19596046","0"
"0.194011","0"
"0.08087707","0"
"0.5496802","0"
"0.13029419","0"
"0.050782043","0"
"0.009843106","0"
"0.030354153","0"
"0.9016757","1"
"0.037887134","0"
"0.1797234","0"
"0.99596345","0"
"0.047309984","0"
"0.005649733","0"
"0.6650062","0"
"0.045567103","0"
"0.06790172","0"
"0.07149112","0"
"0.023518022","0"
"0.3805705","0"
"0.26904523","0"
"0.38919184","0"
"0.33852983","0"
"0.04521306","0"
"0.017851423","0"
"0.25877368","0"
"0.00879256","0"
"0.48233777","0"
"0.006475191","0"
"0.11814406","0"
"0.21547781","0"
"0.011883637","0"
"0.056198318","0"
"0.08936062","0"
"0.019445866","0"
"0.013068884","0"
"0.024240535","0"
"0.56458175","0"
"0.14450705","0"
"0.020834718","0"
"0.63287765","0"
"0.75433993","1"
"0.8293904","1"
"0.029929437","0"
"0.3442498","0"
"0.27592674","0"
"0.035005465","0"
"0.0292841","0"
"0.035401758","0"
"0.050215717","0"
"0.019134209","0"
"0.037871152","0"
"0.06375853","0"
"0.018435096","0"
"0.8059637","1"
"0.98057544","1"
"0.038664963","0"
"0.015920917","0"
"0.17096668","0"
"0.2277534","0"
"0.0904218","0"
"0.081574164","0"
"0.07695717","0"
"0.030392302","0"
"0.16429657","0"
"0.93802965","0"
"0.04949584","0"
"0.015070575","0"
"0.12598234","0"
"0.016109826","0"
"0.063406795","0"
"0.07763453","0"
"0.08810085","0"
"0.020187259","0"
"0.0675594","0"
"0.09336153","0"
"0.03107669","0"
"0.09909268","0"
"0.04427225","0"
"0.21402624","0"
"0.009556677","0"
"0.120667994","0"
"0.019352116","0"
"0.1213442","0"
"0.15596214","0"
"0.10077609","0"
"0.16365781","0"
"0.004608712","0"
"0.033553645","0"
"0.065143354","1"
"0.15752295","0"
"0.07910372","0"
"0.018608313","0"
"0.16089967","0"
"0.1386031","0"
"0.08109346","0"
"0.1108932","0"
"0.16559848","0"
"0.24799162","0"
"0.025884746","0"
"0.04432166","0"
"0.07835531","0"
"0.07302843","0"
"0.026501194","0"
"0.2917655","0"
"0.97398144","1"
"0.07467083","0"
"0.054278","0"
"0.010336403","0"
"0.08620334","0"
"0.03356168","0"
"0.024062224","0"
"0.0046702996","0"
"0.5128553","0"
"0.02263221","0"
"0.06589767","0"
"0.027437486","0"
"0.07982871","0"
"0.048745934","0"
"0.78467196","0"
"0.04824054","0"
"0.020338204","0"
"0.31170943","0"
"0.039920907","0"
"0.016915739","0"
"0.020855227","0"
"0.054876626","0"
"0.13521978","0"
"0.034263466","0"
"0.073861085","0"
"0.31413883","0"
"0.07844148","0"
"0.7491775","0"
"0.04566107","0"
"0.06961902","0"
"0.027905101","0"
"0.09162926","0"
"0.07962099","0"
"0.01552608","0"
"0.014999044","0"
"0.06114503","0"
"0.020102968","0"
"0.08245082","0"
"0.039911818","0"
"0.07502089","0"
"0.019501662","0"
"0.04876327","0"
"0.077502795","0"
"0.038310353","0"
"0.041341823","0"
"0.54361415","0"
"0.0954048","0"
"0.039310005","0"
"0.08987679","0"
"0.031099195","0"
"0.054556485","0"
"0.17739291","0"
"0.32126492","0"
"0.03043116","0"
"0.10283944","0"
"0.03720268","0"
"0.07235225","0"
"0.047530774","0"
"0.032060105","0"
"0.106467925","0"
"0.5879533","0"
"0.3571182","0"
"0.27612245","0"
"0.048796654","0"
"0.17174941","0"
"0.023528254","0"
"0.030226158","0"
"0.019770257","0"
"0.040538274","0"
"0.96186495","0"
"0.013915439","0"
"0.1576405","0"
"0.014290241","0"
"0.040192362","0"
"0.38953003","0"
"0.5031285","0"
"0.0050599813","0"
"0.012971369","0"
"0.07176451","0"
"0.105233714","0"
"0.15154076","0"
"0.31667832","0"
"0.025176283","0"
"0.031719014","0"
"0.0710914","0"
"0.07175157","0"
"0.10804111","0"
"0.09548197","0"
"0.20910262","0"
"0.0839387","0"
"0.1907661","0"
"0.9951499","1"
"0.03468129","0"
"0.35630524","1"
"0.10335557","0"
"0.69633865","1"
"0.032723624","0"
"0.45633832","0"
"0.27553463","0"
"0.97939944","1"
"0.02603889","0"
"0.036430836","0"
"0.02420065","0"
"0.038066167","0"
"0.0649858","0"
"0.13117671","0"
"0.36912072","0"
"0.40300652","0"
"0.013542821","0"
"0.011396125","0"
"0.015396084","0"
"0.10128984","0"
"0.065402776","0"
"0.6314895","0"
"0.47291017","0"
"0.033813503","0"
"0.37861085","0"
"0.011916824","0"
"0.014986066","0"
"0.1831199","0"
"0.06603697","0"
"0.034425236","0"
"0.3126446","0"
"0.11485393","0"
"0.12306086","0"
"0.339945","0"
"0.07416278","0"
"0.014745764","0"
"0.18348609","0"
"0.07580155","0"
"0.07563096","0"
"0.42334798","0"
"0.044179223","0"
"0.13502835","0"
"0.028728424","0"
"0.026238633","0"
"0.009292951","0"
"0.28781438","0"
"0.4692286","0"
"0.05475619","0"
"0.017097903","0"
"0.19080698","0"
"0.043325886","0"
"0.025847187","0"
"0.07533183","0"
"0.11362751","0"
"0.79457164","0"
"0.9537625","0"
"0.24457918","0"
"0.013672518","0"
"0.058341715","0"
"0.034638252","0"
"0.19802403","0"
"0.015297667","0"
"0.5096976","0"
"0.62246835","0"
"0.049985055","0"
"0.17818682","0"
"0.017066805","0"
"0.36393052","0"
"0.026372869","0"
"0.0148032615","0"
"0.08939943","0"
"0.090861104","0"
"0.006460095","0"
"0.2128437","0"
"0.03554501","0"
"0.21054551","0"
"0.19835901","0"
"0.11524556","0"
"0.01424812","0"
"0.07993686","0"
"0.37769017","0"
"0.1474616","0"
"0.08572277","0"
"0.17182031","0"
"0.34861454","0"
"0.5857997","1"
"0.049225204","0"
"0.052373935","0"
"0.15692186","0"
"0.68680364","0"
"0.74484676","0"
"0.040501177","0"
"0.02864076","0"
"0.0265697","0"
"0.080406815","0"
"0.2553376","0"
"0.01631869","0"
"0.03274758","0"
"0.16328518","0"
"0.017050534","0"
"0.05238365","0"
"0.048121415","0"
"0.019684583","0"
"0.14514305","0"
"0.08828493","0"
"0.15138906","0"
"0.06543161","0"
"0.017719226","0"
"0.009479814","0"
"0.08924873","0"
"0.27727503","0"
"0.026188394","0"
"0.009820954","0"
"0.008072904","0"
"0.0644844","0"
"0.04601415","0"
"0.051486954","0"
"0.37423435","0"
"0.4479065","0"
"0.046983343","0"
"0.050895482","0"
"0.03392095","0"
"0.11899464","0"
"0.0031768235","0"
"0.17616093","0"
"0.010406084","0"
"0.092948765","0"
"0.1875118","0"
"0.99901843","1"
"0.025648706","0"
"0.85426646","1"
"0.4564132","0"
"0.027470753","0"
"0.038579002","0"
"0.97419137","0"
"0.2870249","0"
"0.27824703","0"
"0.12524779","0"
"0.11814315","0"
"0.12723391","0"
"0.15325366","0"
"0.105287984","0"
"0.00609823","0"
"0.2799699","0"
"0.2896774","0"
"0.13664252","0"
"0.043013703","0"
"0.08945948","0"
"0.051036958","0"
"0.060794372","0"
"0.03595201","0"
"0.054902032","0"
"0.0834164","0"
"0.06827153","0"
"0.026144294","0"
"0.19253765","0"
"0.33196226","0"
"0.029222451","0"
"0.12340455","0"
"0.42067426","0"
"0.23433709","0"
"0.0065006446","0"
"0.033347722","0"
"0.28224856","0"
"0.62107605","0"
"0.08037087","0"
"0.013607204","0"
"0.7625274","0"
"0.030642627","0"
"0.43669078","0"
"0.012722984","0"
"0.2693945","0"
"0.10914956","0"
"0.070999786","0"
"0.099192135","0"
"0.013573663","0"
"0.077568084","0"
"0.15844002","0"
"0.03750052","0"
"0.11745421","0"
"0.12781474","0"
"0.9391363","0"
"0.02959703","0"
"0.0956828","0"
"0.23444809","0"
"0.286221","0"
"0.09126359","0"
"0.04142045","0"
"0.00492448","0"
"0.6275315","0"
"0.080896564","0"
"0.16547251","0"
"0.023584109","0"
"0.042769574","0"
"0.032575436","0"
"0.034180295","0"
"0.0584954","0"
"0.06852003","0"
"0.091631874","0"
"0.11174834","0"
"0.17784931","0"
"0.034669008","0"
"0.060348254","0"
"0.72587574","0"
"0.3673481","0"
"0.21972384","0"
"0.223083","0"
"0.07376081","0"
"0.14013219","0"
"0.2847347","0"
"0.46403933","0"
"0.17437434","0"
"0.3541963","0"
"0.21772455","0"
"0.00986304","0"
"0.024213852","0"
"0.03252552","0"
"0.009147316","1"
"0.14484598","0"
"0.09945977","0"
"0.47310108","0"
"0.0077681476","0"
"0.0075029326","0"
"0.02440709","0"
"0.20035532","0"
"0.021743333","0"
"0.039291244","0"
"0.41998872","0"
"0.8551186","0"
"0.30681285","0"
"0.04523819","0"
"0.07025741","0"
"0.538345","0"
"0.04733145","0"
"0.07253113","0"
"0.015083874","0"
"0.633375","0"
"0.10817913","0"
"0.009523115","0"
"0.60498255","0"
"0.19660228","0"
"0.06304192","0"
"0.021536645","0"
"0.050166454","0"
"0.18592958","0"
"0.029123306","0"
"0.043253053","0"
"0.08638131","0"
"0.009406193","0"
"0.07672873","0"
"0.11619262","0"
"0.06811758","0"
"0.070832565","0"
"0.04614453","0"
"0.047820862","0"
"0.29303142","0"
"0.02291318","0"
"0.031099534","0"
"0.20251408","0"
"0.019451544","0"
"0.3260665","0"
"0.044210736","0"
"0.014843149","0"
"0.3414874","0"
"0.045526914","0"
"0.0315203","0"
"0.009853308","0"
"0.034348883","0"
"0.05143128","0"
"0.4813153","0"
"0.1304022","0"
"0.36539477","0"
"0.11143984","0"
"0.044788297","0"
"0.1460534","0"
"0.014139626","0"
"0.25508338","0"
"0.016209403","0"
"0.026058821","0"
"0.34184113","0"
"0.011462284","0"
"0.1471102","0"
"0.023226364","0"
"0.105754875","0"
"0.09201205","0"
"0.42793","1"
"0.022639442","0"
"0.038572434","0"
"0.24951647","0"
"0.82705337","0"
"0.114805296","0"
"0.1092044","0"
"0.05227922","0"
"0.048891705","0"
"0.26834336","0"
"0.452098","0"
"0.20469949","0"
"0.044812802","0"
"0.037947867","0"
"0.025495829","0"
"0.12361228","0"
"0.21021004","0"
"0.04846518","0"
"0.103934176","0"
"0.38387787","0"
"0.03562006","0"
"0.016521303","0"
"0.012028645","0"
"0.109045744","0"
"0.255168","0"
"0.12010902","0"
"0.030565586","0"
"0.012605319","0"
"0.020820592","0"
"0.06833943","0"
"0.9633014","0"
"0.059602898","0"
"0.876423","0"
"0.21158111","0"
"0.25475302","0"
"0.80312157","0"
"0.11545577","0"
"0.04175886","0"
"0.014935001","0"
"0.15250023","0"
"0.01375042","0"
"0.2535224","0"
"0.1451441","0"
"0.04968102","0"
"0.017497601","0"
"0.7967613","0"
"0.060398065","0"
"0.37174588","0"
"0.07647617","0"
"0.2614052","0"
"0.020996729","0"
"0.039213702","0"
"0.05648433","0"
"0.016638212","0"
"0.07120407","0"
"0.052617002","0"
"0.067513816","0"
"0.05062899","0"
"0.121270604","0"
"0.9359333","0"
"0.82672036","0"
"0.068111904","0"
"0.068230435","0"
"0.15015319","0"
"0.035342306","0"
"0.06709108","0"
"0.08063751","0"
"0.056739468","0"
"0.3559586","0"
"0.03064992","0"
"0.11066362","0"
"0.05544557","0"
"0.4638897","0"
"0.017128557","0"
"0.016909007","0"
"0.22177415","0"
"0.05653637","0"
"0.066148035","0"
"0.259933","0"
"0.12570909","0"
"0.03766327","0"
"0.13434297","0"
"0.16539825","0"
"0.53746367","0"
"0.023283849","0"
"0.030876309","0"
"0.025696319","0"
"0.08525627","0"
"0.33970508","0"
"0.04758006","0"
"0.06034889","0"
"0.17003466","0"
"0.37009764","0"
"0.0612139","0"
"0.14454955","0"
"0.011361699","0"
"0.027460525","0"
"0.009316141","0"
"0.18556225","0"
"0.079956174","0"
"0.7746436","0"
"0.06949714","0"
"0.034782566","0"
"0.02684764","0"
"0.15330198","0"
"0.21915083","0"
"0.086000666","0"
"0.13620998","0"
"0.096208245","0"
"0.016062837","0"
"0.027703812","0"
"0.57851785","0"
"0.24617003","0"
"0.115343936","0"
"0.005688689","0"
"0.11942172","0"
"0.097295836","0"
"0.020782286","0"
"0.02653927","0"
"0.031319756","0"
"0.9160745","0"
"0.112559386","0"
"0.23758346","0"
"0.10190588","0"
"0.06743286","0"
"0.2240791","0"
"0.040464677","0"
"0.048510328","0"
"0.030027058","0"
"0.013531875","0"
"0.04484727","0"
"0.11180743","0"
"0.047156684","0"
"0.021124372","0"
"0.029809365","0"
"0.22550213","0"
"0.055421267","0"
"0.52221006","0"
"0.13732868","0"
"0.08635303","0"
"0.019559437","0"
"0.12713003","0"
"0.009881903","0"
"0.12868889","0"
"0.4984947","0"
"0.029429464","0"
"0.15343025","0"
"0.053007964","0"
"0.011975481","0"
"0.033036225","0"
"0.18728478","0"
"0.030967291","0"
"0.019335978","0"
"0.6862083","0"
"0.36868978","0"
"0.034369163","0"
"0.16864787","0"
"0.1794445","0"
"0.37030056","0"
"0.8022571","0"
"0.04105101","0"
"0.10622838","0"
"0.09942134","0"
"0.4048358","0"
"0.38405797","0"
"0.04642318","0"
"0.01859312","0"
"0.026347956","0"
"0.012073607","0"
"0.015447663","0"
"0.043587614","0"
"0.006957289","0"
"0.079813205","0"
"0.19903913","0"
"0.026683077","0"
"0.016675677","0"
"0.025540868","0"
"0.058359053","0"
"0.046972867","0"
"0.04178286","0"
"0.019092081","0"
"0.025667766","0"
"0.05269065","0"
"0.28758305","0"
"0.046625767","0"
"0.04089438","0"
"0.11173661","0"
"0.042672116","0"
"0.6108326","0"
"0.06354645","0"
"0.19966896","0"
"0.45964321","0"
"0.024691097","0"
"0.21473348","0"
"0.25062078","0"
"0.087755546","0"
"0.08313083","0"
"0.05666605","0"
"0.6345901","0"
"0.34039298","0"
"0.13666303","0"
"0.5413848","0"
"0.046479467","0"
"0.75991863","0"
"0.9019509","0"
"0.008375727","0"
"0.00704197","0"
"0.10272693","0"
"0.097189106","0"
"0.01433517","0"
"0.022972748","0"
"0.23010017","0"
"0.012354904","0"
"0.0064025833","0"
"0.49634936","0"
"0.10290525","0"
"0.6376964","0"
"0.016974382","0"
"0.029043714","0"
"0.05698624","0"
"0.082920656","0"
"0.024375532","0"
"0.107026696","0"
"0.07361041","0"
"0.11021666","0"
"0.188047","0"
"0.011726682","0"
"0.10536078","0"
"0.083950505","0"
"0.015367461","0"
"0.031568144","0"
"0.015748318","0"
"0.07103618","0"
"0.0741489","0"
"0.8740377","0"
"0.6410569","0"
"0.028904913","0"
"0.15698983","1"
"0.071748","0"
"0.48291332","0"
"0.027588198","0"
"0.03549028","0"
"0.028774872","0"
"0.07444274","0"
"0.1707834","0"
"0.8856247","0"
"0.035451274","0"
"0.10930468","0"
"0.07177055","0"
"0.25032538","0"
"0.017839288","0"
"0.019594185","0"
"0.311301","0"
"0.02527515","0"
"0.05369573","0"
"0.18734087","0"
"0.027304811","0"
"0.03469227","0"
"0.11489982","0"
"0.17947967","0"
"0.16657959","0"
"0.048539784","0"
"0.0030057116","0"
"0.111144885","0"
"0.04175415","0"
"0.4523653","0"
"0.056353077","0"
"0.36005062","0"
"0.05576864","0"
"0.050433017","0"
"0.020341815","0"
"0.4680553","0"
"0.10703698","0"
"0.9997944","1"
"0.963039","0"
"0.022880115","0"
"0.03534309","0"
"0.022348434","0"
"0.018173674","0"
"0.006370636","0"
"0.07946601","0"
"0.040599026","0"
"0.05688296","0"
"0.07366245","0"
"0.02895097","0"
"0.12125038","1"
"0.004973446","0"
"0.29448047","0"
"0.632832","0"
"0.10263546","0"
"0.08710356","0"
"0.058022846","0"
"0.3913582","0"
"0.012392967","0"
"0.13239309","0"
"0.01766825","0"
"0.118774585","0"
"0.0069333897","0"
"0.14781852","0"
"0.1160124","0"
"0.42689356","0"
"0.07422813","0"
"0.039956387","0"
"0.08254176","0"
"0.038409654","0"
"0.3455209","0"
"0.012221572","0"
"0.54794425","0"
"0.22573277","0"
"0.1539159","0"
"0.109250076","0"
"0.022479555","0"
"0.060624134","0"
"0.15411887","0"
"0.08597027","0"
"0.06382976","0"
"0.027684636","0"
"0.05427918","0"
"0.35820848","0"
"0.20481208","0"
"0.21144336","0"
"0.084995665","0"
"0.015193301","0"
"0.03986443","0"
"0.014116015","0"
"0.14632371","0"
"0.13674235","0"
"0.13520683","0"
"0.024324441","0"
"0.33783194","0"
"0.17015369","0"
"0.09520121","0"
"0.060356084","0"
"0.0080824485","0"
"0.86182046","0"
"0.030726904","0"
"0.06662627","0"
"0.06269073","0"
"0.15558891","0"
"0.7929001","0"
"0.021530306","0"
"0.17484389","0"
"0.19518034","0"
"0.67082566","0"
"0.039171662","0"
"0.12935399","0"
"0.07036323","0"
"0.018837819","0"
"0.09784903","0"
"0.24531287","0"
"0.24946964","0"
"0.03845712","0"
"0.11315745","0"
"0.08073332","0"
"0.06178883","0"
"0.07424676","0"
"0.118751206","0"
"0.48109472","0"
"0.051631078","0"
"0.10952977","0"
"0.06609259","0"
"0.15392934","0"
"0.37603128","0"
"0.17765185","0"
"0.048898444","0"
"0.036586322","0"
"0.03838666","0"
"0.0069328444","0"
"0.33117718","0"
"0.076938584","0"
"0.23202178","0"
"0.022545883","0"
"0.012491305","0"
"0.17756864","0"
"0.03981193","0"
"0.028315192","0"
"0.06842898","0"
"0.37165394","0"
"0.01569505","0"
"0.02261658","0"
"0.10978727","0"
"0.029107958","0"
"0.017617853","0"
"0.010393591","0"
"0.045435008","0"
"0.111400954","0"
"0.4581047","0"
"0.057833057","0"
"0.124439955","0"
"0.059283845","0"
"0.052629054","0"
"0.0026550144","0"
"0.26019055","0"
"0.035804186","0"
"0.08355625","0"
"0.28233403","0"
"0.09130183","0"
"0.1728536","0"
"0.045592885","0"
"0.15675546","0"
"0.019118378","0"
"0.9607912","1"
"0.031976245","0"
"0.15716468","0"
"0.65148854","0"
"0.6866559","0"
"0.025258176","0"
"0.07637823","0"
"0.9560416","0"
"0.024075337","0"
"0.7962799","0"
"0.035825193","0"
"0.028350923","0"
"0.04493268","0"